claim_id,customer_id,claim_amount,claim_frequency_per_year,claim_date
CLM_00001,CUST_0001,27452,5,2024-06-14
CLM_00002,CUST_0001,142770,3,2023-11-27
CLM_00003,CUST_0001,77850,5,2022-11-14
CLM_00004,CUST_0001,97662,4,2025-01-31
CLM_00005,CUST_0002,133021,4,2025-04-07
CLM_00006,CUST_0002,56947,4,2023-04-23
CLM_00007,CUST_0002,16508,0,2023-12-07
CLM_00008,CUST_0002,1919,3,2023-06-15
CLM_00009,CUST_0003,138001,5,2022-05-01
CLM_00010,CUST_0004,83721,4,2024-11-02
CLM_00011,CUST_0004,21686,0,2022-03-29
CLM_00012,CUST_0004,110507,5,2022-02-15
CLM_00013,CUST_0004,164982,4,2024-01-15
CLM_00014,CUST_0005,21446,2,2024-02-01
CLM_00015,CUST_0005,193581,5,2023-07-12
CLM_00016,CUST_0005,161738,5,2023-08-20
CLM_00017,CUST_0005,130878,2,2024-11-17
CLM_00018,CUST_0005,140668,4,2024-05-04
CLM_00019,CUST_0006,194466,4,2023-11-18
CLM_00020,CUST_0007,112004,2,2023-07-25
CLM_00021,CUST_0008,152890,1,2022-10-30
CLM_00022,CUST_0008,133726,4,2022-11-30
CLM_00023,CUST_0010,184681,0,2024-03-11
CLM_00024,CUST_0010,141408,5,2022-01-16
CLM_00025,CUST_0010,43563,1,2023-01-11
CLM_00026,CUST_0010,74469,5,2023-09-12
CLM_00027,CUST_0012,92479,3,2023-02-22
CLM_00028,CUST_0012,122330,3,2022-08-19
CLM_00029,CUST_0012,129544,0,2024-04-25
CLM_00030,CUST_0014,195147,0,2024-06-16
CLM_00031,CUST_0014,110205,2,2023-01-06
CLM_00032,CUST_0014,59258,5,2023-10-10
CLM_00033,CUST_0014,43147,0,2024-09-24
CLM_00034,CUST_0015,97841,1,2023-03-16
CLM_00035,CUST_0016,95365,1,2022-04-14
CLM_00036,CUST_0016,4861,0,2023-12-30
CLM_00037,CUST_0016,34364,3,2022-01-13
CLM_00038,CUST_0016,42923,0,2022-04-05
CLM_00039,CUST_0016,85818,4,2022-01-25
CLM_00040,CUST_0018,139248,1,2025-01-15
CLM_00041,CUST_0018,144013,5,2024-09-11
CLM_00042,CUST_0018,117373,3,2023-05-06
CLM_00043,CUST_0018,182155,4,2025-01-31
CLM_00044,CUST_0018,6021,5,2024-06-14
CLM_00045,CUST_0019,50355,4,2023-06-04
CLM_00046,CUST_0021,86478,3,2023-04-28
CLM_00047,CUST_0022,3093,4,2022-05-13
CLM_00048,CUST_0022,92510,4,2023-05-21
CLM_00049,CUST_0022,144352,5,2024-05-10
CLM_00050,CUST_0022,108886,1,2025-04-04
CLM_00051,CUST_0022,133412,4,2025-04-08
CLM_00052,CUST_0023,189060,1,2024-09-28
CLM_00053,CUST_0023,101206,5,2024-02-03
CLM_00054,CUST_0023,73230,2,2022-09-07
CLM_00055,CUST_0023,62040,4,2022-04-23
CLM_00056,CUST_0023,195720,5,2022-05-30
CLM_00057,CUST_0024,57923,4,2024-02-22
CLM_00058,CUST_0024,67904,5,2023-06-16
CLM_00059,CUST_0027,45667,3,2025-01-05
CLM_00060,CUST_0027,140934,3,2022-06-22
CLM_00061,CUST_0027,71880,0,2023-01-11
CLM_00062,CUST_0028,94218,3,2024-06-10
CLM_00063,CUST_0029,121266,3,2024-03-28
CLM_00064,CUST_0029,40308,0,2024-07-19
CLM_00065,CUST_0029,196480,4,2023-11-22
CLM_00066,CUST_0029,5695,4,2025-03-01
CLM_00067,CUST_0029,23382,3,2024-02-23
CLM_00068,CUST_0030,190388,4,2023-09-13
CLM_00069,CUST_0030,113831,4,2024-12-17
CLM_00070,CUST_0030,95711,4,2023-04-05
CLM_00071,CUST_0031,18800,0,2023-12-20
CLM_00072,CUST_0031,127521,5,2024-11-06
CLM_00073,CUST_0031,121327,0,2023-05-20
CLM_00074,CUST_0031,187923,0,2024-12-28
CLM_00075,CUST_0033,57207,5,2025-03-14
CLM_00076,CUST_0033,153144,2,2024-09-19
CLM_00077,CUST_0033,124288,4,2023-11-30
CLM_00078,CUST_0033,4960,5,2022-04-20
CLM_00079,CUST_0033,31126,1,2022-02-20
CLM_00080,CUST_0034,106034,3,2025-01-15
CLM_00081,CUST_0034,56387,3,2024-09-05
CLM_00082,CUST_0035,66266,0,2024-01-08
CLM_00083,CUST_0036,186103,5,2024-12-21
CLM_00084,CUST_0036,181510,4,2023-12-12
CLM_00085,CUST_0036,107697,3,2022-01-26
CLM_00086,CUST_0037,33525,2,2025-02-03
CLM_00087,CUST_0038,134607,5,2025-01-09
CLM_00088,CUST_0038,107157,4,2023-01-31
CLM_00089,CUST_0038,108352,5,2022-09-21
CLM_00090,CUST_0038,111889,1,2022-06-21
CLM_00091,CUST_0040,89909,1,2023-04-21
CLM_00092,CUST_0040,1049,1,2022-09-21
CLM_00093,CUST_0041,197423,2,2024-01-24
CLM_00094,CUST_0042,25037,0,2024-01-27
CLM_00095,CUST_0042,188255,5,2024-12-05
CLM_00096,CUST_0042,4694,2,2024-03-17
CLM_00097,CUST_0042,67470,4,2024-09-10
CLM_00098,CUST_0042,180927,3,2023-08-15
CLM_00099,CUST_0043,176833,5,2025-03-10
CLM_00100,CUST_0043,33387,2,2024-02-16
CLM_00101,CUST_0043,136666,4,2023-11-08
CLM_00102,CUST_0043,54698,5,2023-10-26
CLM_00103,CUST_0043,10529,3,2022-05-31
CLM_00104,CUST_0046,78678,5,2023-08-31
CLM_00105,CUST_0046,12204,1,2023-12-06
CLM_00106,CUST_0046,64814,1,2024-10-01
CLM_00107,CUST_0046,115064,4,2022-04-28
CLM_00108,CUST_0047,131515,2,2023-10-02
CLM_00109,CUST_0047,174737,4,2024-04-01
CLM_00110,CUST_0047,134537,4,2024-12-16
CLM_00111,CUST_0047,27898,5,2023-03-28
CLM_00112,CUST_0048,47003,2,2025-04-05
CLM_00113,CUST_0049,59030,5,2023-05-29
CLM_00114,CUST_0051,52800,5,2023-08-04
CLM_00115,CUST_0051,149112,4,2024-04-07
CLM_00116,CUST_0051,246,1,2025-01-21
CLM_00117,CUST_0051,134411,2,2023-09-16
CLM_00118,CUST_0053,34607,5,2022-10-27
CLM_00119,CUST_0053,127378,2,2022-09-10
CLM_00120,CUST_0054,55773,0,2022-06-09
CLM_00121,CUST_0054,27584,5,2022-07-24
CLM_00122,CUST_0054,3338,1,2024-05-07
CLM_00123,CUST_0054,115447,3,2023-12-22
CLM_00124,CUST_0054,108611,4,2024-07-07
CLM_00125,CUST_0055,10547,1,2025-04-12
CLM_00126,CUST_0055,2459,0,2025-03-23
CLM_00127,CUST_0055,181942,1,2024-11-16
CLM_00128,CUST_0055,191889,3,2022-07-21
CLM_00129,CUST_0055,35577,1,2023-08-04
CLM_00130,CUST_0056,180756,5,2024-06-17
CLM_00131,CUST_0057,189668,4,2024-02-09
CLM_00132,CUST_0057,89062,0,2024-07-26
CLM_00133,CUST_0057,96491,1,2023-07-08
CLM_00134,CUST_0057,72467,0,2024-12-27
CLM_00135,CUST_0057,156844,3,2023-07-13
CLM_00136,CUST_0058,75992,0,2025-02-21
CLM_00137,CUST_0058,173217,0,2023-02-06
CLM_00138,CUST_0058,93645,2,2022-07-25
CLM_00139,CUST_0058,138279,0,2024-05-16
CLM_00140,CUST_0059,87081,0,2023-01-14
CLM_00141,CUST_0059,60522,0,2022-12-31
CLM_00142,CUST_0059,185140,3,2024-11-13
CLM_00143,CUST_0059,104987,5,2023-05-06
CLM_00144,CUST_0061,177171,2,2024-06-29
CLM_00145,CUST_0061,131378,4,2023-05-30
CLM_00146,CUST_0061,6336,0,2024-05-22
CLM_00147,CUST_0061,180889,0,2024-08-09
CLM_00148,CUST_0062,45704,5,2022-04-30
CLM_00149,CUST_0063,78348,4,2024-02-08
CLM_00150,CUST_0063,137727,3,2024-01-10
CLM_00151,CUST_0064,164361,3,2022-05-14
CLM_00152,CUST_0064,110234,3,2023-03-12
CLM_00153,CUST_0064,117935,2,2023-11-17
CLM_00154,CUST_0066,51550,3,2023-12-19
CLM_00155,CUST_0067,28016,4,2023-01-05
CLM_00156,CUST_0067,52802,5,2025-01-14
CLM_00157,CUST_0068,47842,3,2024-08-07
CLM_00158,CUST_0068,185668,1,2023-05-04
CLM_00159,CUST_0070,191359,2,2024-08-04
CLM_00160,CUST_0070,92447,2,2024-09-24
CLM_00161,CUST_0070,12823,2,2024-04-30
CLM_00162,CUST_0070,64325,5,2023-09-13
CLM_00163,CUST_0071,54973,1,2022-12-21
CLM_00164,CUST_0071,39107,0,2023-12-18
CLM_00165,CUST_0071,86839,3,2024-09-29
CLM_00166,CUST_0072,187306,3,2022-01-11
CLM_00167,CUST_0072,187973,3,2024-01-01
CLM_00168,CUST_0075,113922,2,2022-03-25
CLM_00169,CUST_0076,73366,2,2023-04-17
CLM_00170,CUST_0076,38311,5,2024-02-27
CLM_00171,CUST_0076,23434,3,2023-10-29
CLM_00172,CUST_0077,79599,1,2022-01-13
CLM_00173,CUST_0077,178517,2,2023-07-13
CLM_00174,CUST_0077,74965,3,2023-02-09
CLM_00175,CUST_0077,179693,1,2022-06-08
CLM_00176,CUST_0078,114300,5,2023-07-03
CLM_00177,CUST_0078,171796,5,2024-09-11
CLM_00178,CUST_0078,122202,3,2022-10-06
CLM_00179,CUST_0079,6574,5,2025-02-12
CLM_00180,CUST_0079,72793,3,2022-12-26
CLM_00181,CUST_0079,28133,3,2024-11-04
CLM_00182,CUST_0080,51458,1,2022-04-30
CLM_00183,CUST_0080,54160,2,2023-06-07
CLM_00184,CUST_0081,164164,1,2024-12-09
CLM_00185,CUST_0081,51097,4,2023-01-26
CLM_00186,CUST_0081,35198,5,2024-05-18
CLM_00187,CUST_0081,131639,0,2022-05-12
CLM_00188,CUST_0082,81455,0,2023-04-29
CLM_00189,CUST_0082,178725,4,2024-12-07
CLM_00190,CUST_0082,19465,0,2022-02-05
CLM_00191,CUST_0083,196045,3,2022-02-13
CLM_00192,CUST_0083,47671,1,2024-01-10
CLM_00193,CUST_0083,186764,5,2023-04-11
CLM_00194,CUST_0083,192416,4,2024-04-26
CLM_00195,CUST_0084,102840,4,2022-11-22
CLM_00196,CUST_0084,108261,2,2022-10-31
CLM_00197,CUST_0084,192995,0,2025-03-28
CLM_00198,CUST_0084,188564,2,2024-09-13
CLM_00199,CUST_0084,166471,4,2023-12-03
CLM_00200,CUST_0085,2369,3,2023-06-13
CLM_00201,CUST_0086,102979,4,2022-10-21
CLM_00202,CUST_0086,13919,2,2023-05-28
CLM_00203,CUST_0088,113843,4,2022-08-23
CLM_00204,CUST_0090,47020,2,2024-03-30
CLM_00205,CUST_0090,22161,2,2022-09-29
CLM_00206,CUST_0091,61009,2,2025-02-15
CLM_00207,CUST_0093,86130,1,2022-07-26
CLM_00208,CUST_0093,157998,0,2022-07-04
CLM_00209,CUST_0093,161508,4,2022-08-09
CLM_00210,CUST_0093,3188,5,2024-06-16
CLM_00211,CUST_0093,97349,5,2023-03-03
CLM_00212,CUST_0094,141879,4,2023-03-19
CLM_00213,CUST_0094,189016,0,2023-05-19
CLM_00214,CUST_0094,153730,1,2023-11-19
CLM_00215,CUST_0095,79322,3,2024-09-18
CLM_00216,CUST_0095,50304,0,2022-09-03
CLM_00217,CUST_0096,74095,2,2022-08-06
CLM_00218,CUST_0096,66151,0,2025-03-25
CLM_00219,CUST_0097,141753,0,2024-08-13
CLM_00220,CUST_0097,90810,3,2024-02-15
CLM_00221,CUST_0097,162553,0,2024-07-11
CLM_00222,CUST_0097,39846,2,2022-01-25
CLM_00223,CUST_0098,32596,3,2024-12-19
CLM_00224,CUST_0098,159186,1,2024-05-28
CLM_00225,CUST_0098,50241,5,2023-07-19
CLM_00226,CUST_0098,137119,1,2022-04-06
CLM_00227,CUST_0098,16347,1,2022-04-14
CLM_00228,CUST_0099,130251,1,2024-12-02
CLM_00229,CUST_0099,2994,5,2024-01-19
CLM_00230,CUST_0099,26467,0,2022-04-25
CLM_00231,CUST_0099,47606,0,2024-09-12
CLM_00232,CUST_0100,89606,2,2024-08-24
CLM_00233,CUST_0100,40148,4,2023-09-05
CLM_00234,CUST_0100,124766,0,2023-08-26
CLM_00235,CUST_0101,98941,2,2024-08-07
CLM_00236,CUST_0101,36355,2,2023-03-02
CLM_00237,CUST_0101,103170,3,2023-12-04
CLM_00238,CUST_0101,67664,1,2023-04-15
CLM_00239,CUST_0101,148605,0,2022-11-06
CLM_00240,CUST_0103,135024,0,2024-09-28
CLM_00241,CUST_0103,120454,4,2022-09-26
CLM_00242,CUST_0103,162818,1,2022-01-16
CLM_00243,CUST_0104,157029,5,2024-03-23
CLM_00244,CUST_0104,122694,4,2023-04-27
CLM_00245,CUST_0104,9759,0,2022-09-26
CLM_00246,CUST_0104,188829,0,2022-11-12
CLM_00247,CUST_0104,21050,4,2024-10-04
CLM_00248,CUST_0105,13587,1,2023-01-24
CLM_00249,CUST_0106,176571,2,2024-12-16
CLM_00250,CUST_0108,196149,0,2023-01-03
CLM_00251,CUST_0108,96172,5,2022-10-31
CLM_00252,CUST_0109,115503,5,2024-10-26
CLM_00253,CUST_0109,185022,5,2024-08-01
CLM_00254,CUST_0109,76054,5,2022-01-13
CLM_00255,CUST_0110,45215,1,2024-01-24
CLM_00256,CUST_0110,55476,5,2023-01-12
CLM_00257,CUST_0110,103591,5,2025-03-19
CLM_00258,CUST_0111,62583,3,2022-09-10
CLM_00259,CUST_0111,126011,1,2022-01-31
CLM_00260,CUST_0112,37594,0,2022-10-16
CLM_00261,CUST_0112,159262,1,2023-07-02
CLM_00262,CUST_0112,32899,3,2024-05-07
CLM_00263,CUST_0112,46211,0,2023-06-05
CLM_00264,CUST_0113,31346,4,2022-01-04
CLM_00265,CUST_0113,102908,4,2022-01-16
CLM_00266,CUST_0113,36373,4,2024-08-13
CLM_00267,CUST_0113,177381,2,2022-09-20
CLM_00268,CUST_0113,11826,0,2022-09-22
CLM_00269,CUST_0114,154562,3,2022-11-25
CLM_00270,CUST_0115,83106,5,2022-01-16
CLM_00271,CUST_0115,124724,3,2023-05-26
CLM_00272,CUST_0115,186131,4,2022-01-06
CLM_00273,CUST_0115,85211,2,2024-03-17
CLM_00274,CUST_0116,79233,2,2025-02-15
CLM_00275,CUST_0116,57748,4,2023-08-17
CLM_00276,CUST_0116,145973,5,2022-01-12
CLM_00277,CUST_0116,199888,4,2024-05-27
CLM_00278,CUST_0116,8078,5,2023-09-06
CLM_00279,CUST_0117,131940,3,2025-01-05
CLM_00280,CUST_0117,113711,1,2022-07-28
CLM_00281,CUST_0118,57865,4,2024-09-20
CLM_00282,CUST_0118,72144,5,2023-09-20
CLM_00283,CUST_0118,50665,4,2023-07-13
CLM_00284,CUST_0118,93542,2,2024-12-12
CLM_00285,CUST_0119,149068,3,2023-07-10
CLM_00286,CUST_0120,116737,4,2024-04-04
CLM_00287,CUST_0120,144952,1,2024-09-09
CLM_00288,CUST_0120,66617,5,2023-05-08
CLM_00289,CUST_0121,187426,2,2024-08-01
CLM_00290,CUST_0121,115016,5,2024-02-16
CLM_00291,CUST_0121,157670,2,2022-08-09
CLM_00292,CUST_0121,113618,3,2023-01-10
CLM_00293,CUST_0122,22187,5,2022-07-07
CLM_00294,CUST_0122,1214,4,2025-01-14
CLM_00295,CUST_0122,174553,1,2024-04-23
CLM_00296,CUST_0123,58414,0,2024-08-20
CLM_00297,CUST_0123,103569,1,2024-12-25
CLM_00298,CUST_0124,27740,0,2023-03-02
CLM_00299,CUST_0124,181715,5,2022-05-13
CLM_00300,CUST_0124,163249,4,2022-11-10
CLM_00301,CUST_0124,66126,3,2024-10-05
CLM_00302,CUST_0125,133780,5,2024-01-18
CLM_00303,CUST_0125,46553,0,2023-02-14
CLM_00304,CUST_0125,17881,3,2023-11-11
CLM_00305,CUST_0127,150798,1,2024-06-15
CLM_00306,CUST_0127,165386,1,2022-03-06
CLM_00307,CUST_0128,99599,5,2022-05-26
CLM_00308,CUST_0128,101584,5,2024-10-30
CLM_00309,CUST_0128,133858,1,2025-03-03
CLM_00310,CUST_0129,193320,2,2022-08-01
CLM_00311,CUST_0129,155596,1,2022-01-27
CLM_00312,CUST_0130,133909,4,2022-03-15
CLM_00313,CUST_0130,105025,5,2024-02-25
CLM_00314,CUST_0130,160592,5,2022-08-25
CLM_00315,CUST_0130,158422,5,2023-01-13
CLM_00316,CUST_0130,55956,5,2024-06-24
CLM_00317,CUST_0131,14988,3,2024-10-29
CLM_00318,CUST_0131,170179,4,2024-12-20
CLM_00319,CUST_0133,37710,1,2023-07-18
CLM_00320,CUST_0133,197241,1,2022-01-08
CLM_00321,CUST_0133,25968,4,2022-12-10
CLM_00322,CUST_0133,194292,3,2024-11-16
CLM_00323,CUST_0135,78672,4,2022-03-03
CLM_00324,CUST_0136,125349,1,2023-09-25
CLM_00325,CUST_0136,117286,3,2023-08-29
CLM_00326,CUST_0136,132526,2,2025-02-18
CLM_00327,CUST_0136,111116,4,2024-06-17
CLM_00328,CUST_0136,81311,2,2024-02-26
CLM_00329,CUST_0137,36527,5,2023-01-14
CLM_00330,CUST_0137,81219,4,2024-09-26
CLM_00331,CUST_0137,161554,4,2024-09-01
CLM_00332,CUST_0137,20545,2,2023-04-03
CLM_00333,CUST_0137,13890,4,2024-09-05
CLM_00334,CUST_0138,34722,0,2022-10-23
CLM_00335,CUST_0139,99265,3,2025-03-18
CLM_00336,CUST_0140,198684,4,2022-02-22
CLM_00337,CUST_0140,147364,0,2022-03-17
CLM_00338,CUST_0141,30383,1,2022-04-27
CLM_00339,CUST_0141,155927,1,2025-04-13
CLM_00340,CUST_0141,4841,4,2024-02-03
CLM_00341,CUST_0141,157990,1,2024-11-10
CLM_00342,CUST_0141,111688,1,2024-11-25
CLM_00343,CUST_0142,132994,0,2023-05-12
CLM_00344,CUST_0142,153805,1,2022-02-13
CLM_00345,CUST_0143,163282,2,2023-03-30
CLM_00346,CUST_0143,65516,2,2023-05-22
CLM_00347,CUST_0144,73748,3,2025-02-27
CLM_00348,CUST_0145,108957,2,2024-12-30
CLM_00349,CUST_0145,5681,4,2022-12-03
CLM_00350,CUST_0145,67203,0,2024-06-28
CLM_00351,CUST_0146,58235,4,2024-10-23
CLM_00352,CUST_0146,90073,1,2024-09-04
CLM_00353,CUST_0146,48351,5,2022-06-24
CLM_00354,CUST_0147,1408,1,2022-08-29
CLM_00355,CUST_0147,107042,5,2023-12-26
CLM_00356,CUST_0148,69634,2,2024-01-17
CLM_00357,CUST_0151,94835,3,2024-10-17
CLM_00358,CUST_0151,110733,5,2022-02-15
CLM_00359,CUST_0151,195403,0,2022-01-10
CLM_00360,CUST_0151,164503,4,2023-10-11
CLM_00361,CUST_0153,8831,1,2024-06-27
CLM_00362,CUST_0153,45924,5,2024-05-02
CLM_00363,CUST_0153,37170,3,2022-11-23
CLM_00364,CUST_0153,118115,0,2023-01-30
CLM_00365,CUST_0153,178475,5,2024-01-19
CLM_00366,CUST_0154,98633,1,2024-02-12
CLM_00367,CUST_0154,57287,5,2023-01-13
CLM_00368,CUST_0154,116475,0,2024-02-13
CLM_00369,CUST_0154,72847,3,2024-05-17
CLM_00370,CUST_0155,140362,2,2024-01-18
CLM_00371,CUST_0155,161215,5,2022-10-02
CLM_00372,CUST_0155,99919,2,2022-11-25
CLM_00373,CUST_0156,20605,5,2025-04-10
CLM_00374,CUST_0156,169694,0,2024-04-11
CLM_00375,CUST_0157,135501,4,2022-11-28
CLM_00376,CUST_0157,111780,1,2024-06-18
CLM_00377,CUST_0157,66177,2,2023-09-26
CLM_00378,CUST_0157,151083,2,2022-07-15
CLM_00379,CUST_0157,173925,3,2023-04-03
CLM_00380,CUST_0158,149760,0,2022-01-09
CLM_00381,CUST_0158,84728,4,2024-12-18
CLM_00382,CUST_0158,197494,0,2025-02-16
CLM_00383,CUST_0158,122408,1,2022-11-27
CLM_00384,CUST_0158,77066,5,2024-07-04
CLM_00385,CUST_0159,133703,1,2023-09-17
CLM_00386,CUST_0159,121656,4,2024-10-15
CLM_00387,CUST_0160,37190,1,2025-01-31
CLM_00388,CUST_0160,125563,4,2024-05-17
CLM_00389,CUST_0162,104875,0,2024-04-05
CLM_00390,CUST_0162,43923,4,2022-12-14
CLM_00391,CUST_0162,102449,3,2025-02-02
CLM_00392,CUST_0162,146851,4,2024-11-16
CLM_00393,CUST_0167,26924,1,2022-06-15
CLM_00394,CUST_0167,135168,3,2022-03-04
CLM_00395,CUST_0167,125410,3,2022-08-10
CLM_00396,CUST_0168,103025,5,2022-08-05
CLM_00397,CUST_0168,32963,0,2024-09-21
CLM_00398,CUST_0168,152566,1,2025-03-10
CLM_00399,CUST_0169,87594,0,2025-03-11
CLM_00400,CUST_0169,82641,2,2023-10-02
CLM_00401,CUST_0169,63593,4,2022-08-03
CLM_00402,CUST_0170,3736,2,2022-03-31
CLM_00403,CUST_0170,128771,1,2025-01-07
CLM_00404,CUST_0170,86623,4,2024-06-12
CLM_00405,CUST_0171,196879,2,2025-02-13
CLM_00406,CUST_0171,110002,1,2025-04-10
CLM_00407,CUST_0171,76815,0,2024-06-16
CLM_00408,CUST_0171,185399,3,2023-06-01
CLM_00409,CUST_0171,141929,5,2023-09-04
CLM_00410,CUST_0172,13580,0,2023-02-04
CLM_00411,CUST_0172,83446,0,2022-03-27
CLM_00412,CUST_0172,177183,2,2025-01-07
CLM_00413,CUST_0172,73401,5,2023-05-16
CLM_00414,CUST_0172,3646,3,2022-11-12
CLM_00415,CUST_0174,44112,0,2023-11-28
CLM_00416,CUST_0174,70726,0,2024-05-03
CLM_00417,CUST_0174,158361,4,2023-10-14
CLM_00418,CUST_0174,45,5,2022-05-29
CLM_00419,CUST_0175,150657,4,2024-08-23
CLM_00420,CUST_0175,152420,0,2024-07-17
CLM_00421,CUST_0175,19455,0,2024-02-13
CLM_00422,CUST_0175,170365,0,2024-11-26
CLM_00423,CUST_0175,120461,4,2023-02-01
CLM_00424,CUST_0176,46009,1,2025-01-11
CLM_00425,CUST_0176,29605,5,2023-12-07
CLM_00426,CUST_0177,5580,0,2024-01-02
CLM_00427,CUST_0177,96032,1,2022-06-07
CLM_00428,CUST_0177,106960,1,2025-01-30
CLM_00429,CUST_0178,147239,2,2023-08-15
CLM_00430,CUST_0178,43148,1,2024-11-20
CLM_00431,CUST_0178,122790,4,2023-01-31
CLM_00432,CUST_0178,180557,1,2023-02-15
CLM_00433,CUST_0178,149787,1,2022-03-21
CLM_00434,CUST_0179,92943,4,2024-01-03
CLM_00435,CUST_0179,36744,1,2022-03-18
CLM_00436,CUST_0179,169123,0,2025-04-13
CLM_00437,CUST_0180,195890,3,2022-09-02
CLM_00438,CUST_0180,45177,0,2022-02-01
CLM_00439,CUST_0180,997,2,2024-02-01
CLM_00440,CUST_0180,120179,5,2024-09-18
CLM_00441,CUST_0180,95287,0,2023-04-09
CLM_00442,CUST_0181,85447,2,2023-11-01
CLM_00443,CUST_0181,81144,1,2024-09-20
CLM_00444,CUST_0181,192589,5,2022-04-18
CLM_00445,CUST_0181,27387,2,2022-01-15
CLM_00446,CUST_0181,156017,4,2025-02-10
CLM_00447,CUST_0183,172472,1,2024-05-08
CLM_00448,CUST_0183,80399,3,2022-12-20
CLM_00449,CUST_0183,103976,3,2025-03-30
CLM_00450,CUST_0183,61600,1,2025-03-20
CLM_00451,CUST_0184,186110,1,2024-11-19
CLM_00452,CUST_0184,106968,4,2022-03-21
CLM_00453,CUST_0184,24815,4,2023-08-13
CLM_00454,CUST_0186,18268,3,2022-09-26
CLM_00455,CUST_0186,196599,3,2022-12-01
CLM_00456,CUST_0186,172343,4,2024-12-27
CLM_00457,CUST_0187,147489,3,2023-01-21
CLM_00458,CUST_0187,164974,5,2024-12-06
CLM_00459,CUST_0187,62233,3,2024-05-23
CLM_00460,CUST_0187,7771,3,2022-07-21
CLM_00461,CUST_0187,133014,4,2022-10-24
CLM_00462,CUST_0188,57042,4,2022-12-04
CLM_00463,CUST_0188,47024,2,2024-12-25
CLM_00464,CUST_0188,8983,5,2024-08-19
CLM_00465,CUST_0189,95149,4,2023-09-18
CLM_00466,CUST_0189,165962,1,2024-07-27
CLM_00467,CUST_0189,92545,0,2022-07-18
CLM_00468,CUST_0189,114579,1,2022-02-04
CLM_00469,CUST_0190,163572,5,2024-03-09
CLM_00470,CUST_0191,102339,3,2022-12-14
CLM_00471,CUST_0191,21173,0,2022-05-27
CLM_00472,CUST_0192,18095,2,2023-11-18
CLM_00473,CUST_0192,136447,5,2025-01-31
CLM_00474,CUST_0192,20600,2,2022-12-16
CLM_00475,CUST_0192,176169,4,2024-08-23
CLM_00476,CUST_0192,178043,0,2022-01-14
CLM_00477,CUST_0194,174904,4,2024-05-21
CLM_00478,CUST_0195,110449,4,2024-10-04
CLM_00479,CUST_0195,119821,2,2023-09-27
CLM_00480,CUST_0195,111186,5,2023-09-06
CLM_00481,CUST_0197,40491,3,2024-11-11
CLM_00482,CUST_0197,128131,0,2024-08-12
CLM_00483,CUST_0198,152842,2,2025-02-17
CLM_00484,CUST_0199,123447,5,2022-09-02
CLM_00485,CUST_0199,163860,5,2023-01-29
CLM_00486,CUST_0199,177561,2,2022-01-08
CLM_00487,CUST_0199,190791,1,2023-05-26
CLM_00488,CUST_0199,29583,0,2023-12-17
CLM_00489,CUST_0200,28670,5,2024-01-23
CLM_00490,CUST_0200,191386,1,2024-03-04
CLM_00491,CUST_0201,176722,2,2023-08-04
CLM_00492,CUST_0201,55904,3,2022-01-08
CLM_00493,CUST_0201,2853,4,2022-03-22
CLM_00494,CUST_0202,156992,2,2023-11-17
CLM_00495,CUST_0202,123225,2,2022-10-29
CLM_00496,CUST_0202,73927,4,2024-11-28
CLM_00497,CUST_0203,196914,3,2025-01-05
CLM_00498,CUST_0203,6611,2,2023-10-07
CLM_00499,CUST_0203,46902,4,2022-10-03
CLM_00500,CUST_0204,77089,1,2023-09-13
CLM_00501,CUST_0204,193149,5,2024-07-18
CLM_00502,CUST_0204,85970,0,2022-07-02
CLM_00503,CUST_0205,60721,2,2023-12-20
CLM_00504,CUST_0205,40108,4,2023-12-27
CLM_00505,CUST_0205,80140,3,2023-08-01
CLM_00506,CUST_0205,68578,2,2025-04-03
CLM_00507,CUST_0206,147765,5,2022-01-14
CLM_00508,CUST_0207,149333,2,2023-03-15
CLM_00509,CUST_0207,86755,1,2024-03-05
CLM_00510,CUST_0207,178438,2,2022-09-15
CLM_00511,CUST_0208,27032,3,2024-09-01
CLM_00512,CUST_0209,179893,5,2024-06-20
CLM_00513,CUST_0209,7248,1,2022-10-03
CLM_00514,CUST_0209,139122,5,2023-04-10
CLM_00515,CUST_0209,185551,3,2022-10-15
CLM_00516,CUST_0209,199803,3,2024-05-27
CLM_00517,CUST_0210,50272,1,2023-03-23
CLM_00518,CUST_0210,175600,0,2023-04-29
CLM_00519,CUST_0210,82641,3,2023-06-19
CLM_00520,CUST_0211,42311,4,2023-02-11
CLM_00521,CUST_0213,123573,3,2023-05-10
CLM_00522,CUST_0213,132019,0,2023-07-12
CLM_00523,CUST_0213,9808,4,2024-05-04
CLM_00524,CUST_0213,39950,2,2022-03-19
CLM_00525,CUST_0213,21825,0,2024-11-07
CLM_00526,CUST_0214,146874,4,2024-11-16
CLM_00527,CUST_0214,76289,0,2023-04-09
CLM_00528,CUST_0214,178982,5,2024-04-03
CLM_00529,CUST_0214,65898,4,2022-02-25
CLM_00530,CUST_0214,136421,0,2024-11-17
CLM_00531,CUST_0215,153535,0,2022-02-10
CLM_00532,CUST_0216,22787,0,2024-07-14
CLM_00533,CUST_0216,188499,5,2023-03-16
CLM_00534,CUST_0216,61086,1,2022-05-16
CLM_00535,CUST_0217,38059,4,2024-05-10
CLM_00536,CUST_0217,143949,3,2023-11-21
CLM_00537,CUST_0217,42103,0,2023-12-09
CLM_00538,CUST_0217,126228,1,2022-10-22
CLM_00539,CUST_0218,17189,3,2023-12-29
CLM_00540,CUST_0218,65563,4,2024-02-03
CLM_00541,CUST_0218,129909,2,2022-07-20
CLM_00542,CUST_0218,179810,3,2023-07-14
CLM_00543,CUST_0219,45434,0,2024-12-11
CLM_00544,CUST_0219,16462,0,2024-04-13
CLM_00545,CUST_0219,183871,5,2022-01-25
CLM_00546,CUST_0219,127425,2,2022-07-17
CLM_00547,CUST_0219,80989,2,2023-03-13
CLM_00548,CUST_0220,54649,2,2022-04-14
CLM_00549,CUST_0221,141295,1,2022-12-30
CLM_00550,CUST_0221,69392,5,2022-02-08
CLM_00551,CUST_0221,186307,2,2024-03-29
CLM_00552,CUST_0221,30755,0,2025-03-15
CLM_00553,CUST_0221,178068,0,2024-01-24
CLM_00554,CUST_0222,142127,4,2024-01-26
CLM_00555,CUST_0222,116916,4,2023-08-20
CLM_00556,CUST_0222,64666,2,2023-09-19
CLM_00557,CUST_0223,118194,2,2025-01-27
CLM_00558,CUST_0224,157234,1,2022-04-22
CLM_00559,CUST_0224,98756,3,2025-04-07
CLM_00560,CUST_0224,2631,2,2022-08-19
CLM_00561,CUST_0225,92116,3,2023-07-15
CLM_00562,CUST_0225,159141,1,2022-08-10
CLM_00563,CUST_0225,185420,5,2025-03-26
CLM_00564,CUST_0225,78629,4,2024-01-11
CLM_00565,CUST_0226,43168,4,2023-09-18
CLM_00566,CUST_0226,54862,1,2025-02-28
CLM_00567,CUST_0226,28004,4,2024-02-15
CLM_00568,CUST_0227,65308,1,2022-08-21
CLM_00569,CUST_0227,9466,1,2025-02-05
CLM_00570,CUST_0227,75955,4,2022-10-20
CLM_00571,CUST_0227,94791,2,2022-06-24
CLM_00572,CUST_0227,22650,2,2023-03-20
CLM_00573,CUST_0228,190891,2,2024-02-04
CLM_00574,CUST_0228,134801,0,2023-03-04
CLM_00575,CUST_0228,121449,4,2024-03-22
CLM_00576,CUST_0228,196714,3,2023-10-21
CLM_00577,CUST_0229,192408,0,2022-06-04
CLM_00578,CUST_0229,146444,0,2024-06-14
CLM_00579,CUST_0229,110401,1,2024-09-19
CLM_00580,CUST_0229,92404,3,2023-01-21
CLM_00581,CUST_0229,137930,2,2023-08-16
CLM_00582,CUST_0230,61455,0,2024-12-04
CLM_00583,CUST_0230,54592,2,2022-05-28
CLM_00584,CUST_0230,178530,3,2023-12-04
CLM_00585,CUST_0231,16488,1,2023-01-31
CLM_00586,CUST_0231,183741,5,2024-04-30
CLM_00587,CUST_0231,59332,1,2024-05-22
CLM_00588,CUST_0231,82971,1,2023-04-20
CLM_00589,CUST_0232,187696,1,2023-05-17
CLM_00590,CUST_0232,8539,1,2023-07-24
CLM_00591,CUST_0232,155470,0,2022-01-26
CLM_00592,CUST_0233,163224,4,2022-08-05
CLM_00593,CUST_0233,99655,4,2024-02-13
CLM_00594,CUST_0233,105494,3,2023-11-01
CLM_00595,CUST_0234,63797,2,2023-10-08
CLM_00596,CUST_0234,7434,4,2024-10-19
CLM_00597,CUST_0234,24331,5,2023-03-26
CLM_00598,CUST_0234,177398,3,2022-01-28
CLM_00599,CUST_0234,16603,5,2022-09-28
CLM_00600,CUST_0235,41751,2,2024-04-13
CLM_00601,CUST_0235,94524,5,2022-12-04
CLM_00602,CUST_0236,130475,4,2023-05-07
CLM_00603,CUST_0236,145291,1,2022-01-09
CLM_00604,CUST_0238,72240,4,2023-03-16
CLM_00605,CUST_0238,17959,2,2024-03-02
CLM_00606,CUST_0238,141025,3,2022-02-02
CLM_00607,CUST_0238,58390,4,2023-07-20
CLM_00608,CUST_0239,45104,5,2023-08-13
CLM_00609,CUST_0239,24496,5,2025-02-19
CLM_00610,CUST_0239,3515,1,2022-12-12
CLM_00611,CUST_0239,73920,0,2024-01-26
CLM_00612,CUST_0240,117213,3,2024-06-08
CLM_00613,CUST_0240,184972,5,2024-04-30
CLM_00614,CUST_0240,139374,3,2024-03-03
CLM_00615,CUST_0240,12875,3,2023-11-01
CLM_00616,CUST_0241,79781,1,2023-08-29
CLM_00617,CUST_0241,33064,5,2023-07-23
CLM_00618,CUST_0241,98297,3,2024-04-11
CLM_00619,CUST_0241,138736,1,2022-01-16
CLM_00620,CUST_0241,162893,1,2022-03-13
CLM_00621,CUST_0242,69918,1,2024-05-29
CLM_00622,CUST_0242,90179,0,2024-12-14
CLM_00623,CUST_0242,27603,2,2024-08-31
CLM_00624,CUST_0242,19623,0,2023-05-23
CLM_00625,CUST_0242,138776,2,2024-04-16
CLM_00626,CUST_0243,110373,5,2024-02-14
CLM_00627,CUST_0243,18909,5,2022-04-30
CLM_00628,CUST_0243,67474,2,2023-05-03
CLM_00629,CUST_0243,101536,0,2022-03-19
CLM_00630,CUST_0243,69001,0,2023-04-07
CLM_00631,CUST_0244,142735,3,2024-07-05
CLM_00632,CUST_0244,150619,0,2022-01-06
CLM_00633,CUST_0244,7038,3,2024-03-21
CLM_00634,CUST_0245,33948,3,2025-02-12
CLM_00635,CUST_0245,20875,1,2024-10-20
CLM_00636,CUST_0246,27503,5,2024-01-15
CLM_00637,CUST_0247,46612,2,2023-01-03
CLM_00638,CUST_0247,100989,4,2023-12-01
CLM_00639,CUST_0248,89846,4,2022-08-19
CLM_00640,CUST_0248,71540,1,2025-03-18
CLM_00641,CUST_0248,58951,3,2024-10-08
CLM_00642,CUST_0249,84553,2,2022-06-18
CLM_00643,CUST_0252,116779,0,2023-05-19
CLM_00644,CUST_0252,68513,2,2022-12-17
CLM_00645,CUST_0252,190486,3,2023-08-21
CLM_00646,CUST_0252,169002,1,2022-02-09
CLM_00647,CUST_0252,186670,0,2022-06-24
CLM_00648,CUST_0253,112076,4,2022-09-01
CLM_00649,CUST_0253,144195,3,2024-11-25
CLM_00650,CUST_0253,31276,1,2025-03-23
CLM_00651,CUST_0254,157786,5,2023-07-04
CLM_00652,CUST_0254,150434,3,2024-11-27
CLM_00653,CUST_0254,178908,3,2024-12-02
CLM_00654,CUST_0255,196355,4,2022-03-09
CLM_00655,CUST_0256,182394,4,2022-12-02
CLM_00656,CUST_0256,19405,2,2025-03-31
CLM_00657,CUST_0256,128909,2,2023-02-27
CLM_00658,CUST_0257,58282,3,2023-09-26
CLM_00659,CUST_0258,107578,5,2022-12-20
CLM_00660,CUST_0258,105783,5,2024-08-24
CLM_00661,CUST_0258,138138,0,2023-03-06
CLM_00662,CUST_0258,126888,0,2025-03-15
CLM_00663,CUST_0258,99851,2,2022-04-19
CLM_00664,CUST_0260,116445,1,2024-09-20
CLM_00665,CUST_0261,79180,5,2024-07-25
CLM_00666,CUST_0261,3052,0,2022-07-10
CLM_00667,CUST_0261,148388,5,2025-01-01
CLM_00668,CUST_0261,97095,5,2025-02-08
CLM_00669,CUST_0261,180967,0,2024-05-13
CLM_00670,CUST_0262,27597,1,2022-06-24
CLM_00671,CUST_0262,164141,0,2023-05-25
CLM_00672,CUST_0263,169269,2,2025-01-09
CLM_00673,CUST_0263,85365,3,2024-02-26
CLM_00674,CUST_0264,35247,3,2024-01-31
CLM_00675,CUST_0264,131506,4,2022-03-10
CLM_00676,CUST_0265,83824,2,2022-07-05
CLM_00677,CUST_0265,142215,1,2022-07-23
CLM_00678,CUST_0265,153612,1,2022-02-20
CLM_00679,CUST_0265,143859,0,2023-12-25
CLM_00680,CUST_0265,183951,4,2024-10-23
CLM_00681,CUST_0266,151002,1,2022-09-13
CLM_00682,CUST_0266,183905,4,2025-03-19
CLM_00683,CUST_0266,30183,2,2023-03-22
CLM_00684,CUST_0266,96368,3,2024-01-25
CLM_00685,CUST_0266,46901,0,2023-01-02
CLM_00686,CUST_0267,72008,4,2024-10-02
CLM_00687,CUST_0267,17974,4,2023-12-21
CLM_00688,CUST_0267,18615,0,2022-06-26
CLM_00689,CUST_0268,150694,0,2022-01-09
CLM_00690,CUST_0268,45291,5,2024-07-12
CLM_00691,CUST_0268,125612,1,2024-11-17
CLM_00692,CUST_0268,43815,5,2022-01-27
CLM_00693,CUST_0269,60611,2,2022-03-26
CLM_00694,CUST_0269,186175,5,2023-04-11
CLM_00695,CUST_0269,42082,2,2022-01-12
CLM_00696,CUST_0269,89690,4,2024-11-19
CLM_00697,CUST_0269,91860,5,2023-07-26
CLM_00698,CUST_0270,111975,1,2022-06-29
CLM_00699,CUST_0270,66332,5,2024-11-10
CLM_00700,CUST_0270,23696,0,2025-03-15
CLM_00701,CUST_0270,137656,4,2025-04-04
CLM_00702,CUST_0270,194187,2,2023-04-13
CLM_00703,CUST_0273,144638,4,2022-01-23
CLM_00704,CUST_0275,90450,4,2024-04-02
CLM_00705,CUST_0275,110078,5,2024-07-03
CLM_00706,CUST_0275,153405,2,2023-04-20
CLM_00707,CUST_0275,9675,2,2024-07-30
CLM_00708,CUST_0275,64289,0,2024-05-09
CLM_00709,CUST_0276,5267,2,2023-02-19
CLM_00710,CUST_0277,132053,4,2022-02-10
CLM_00711,CUST_0277,150408,3,2023-12-04
CLM_00712,CUST_0277,184085,1,2023-04-19
CLM_00713,CUST_0277,91277,2,2022-10-21
CLM_00714,CUST_0277,156257,3,2024-03-24
CLM_00715,CUST_0278,181879,3,2022-02-15
CLM_00716,CUST_0278,25835,5,2022-03-25
CLM_00717,CUST_0280,75846,0,2024-06-16
CLM_00718,CUST_0280,13200,3,2024-12-04
CLM_00719,CUST_0280,89001,3,2024-05-16
CLM_00720,CUST_0281,105454,5,2022-09-19
CLM_00721,CUST_0281,193091,2,2022-12-23
CLM_00722,CUST_0281,107938,1,2024-11-02
CLM_00723,CUST_0282,25301,3,2022-10-13
CLM_00724,CUST_0282,44787,3,2023-07-24
CLM_00725,CUST_0283,92999,4,2023-05-13
CLM_00726,CUST_0283,131776,4,2023-07-16
CLM_00727,CUST_0283,38862,1,2022-02-12
CLM_00728,CUST_0284,140638,5,2023-07-13
CLM_00729,CUST_0284,39181,4,2024-07-31
CLM_00730,CUST_0284,194110,2,2022-02-06
CLM_00731,CUST_0284,97898,3,2022-07-04
CLM_00732,CUST_0285,124451,3,2024-04-11
CLM_00733,CUST_0285,130577,0,2022-03-19
CLM_00734,CUST_0285,143526,1,2022-09-21
CLM_00735,CUST_0286,48398,1,2023-05-27
CLM_00736,CUST_0286,157557,3,2023-12-23
CLM_00737,CUST_0286,54583,5,2023-03-07
CLM_00738,CUST_0287,199695,4,2022-09-01
CLM_00739,CUST_0287,120155,0,2022-04-15
CLM_00740,CUST_0287,148149,2,2025-04-07
CLM_00741,CUST_0287,134563,2,2024-03-28
CLM_00742,CUST_0288,38400,0,2022-05-24
CLM_00743,CUST_0288,156537,3,2024-02-29
CLM_00744,CUST_0288,152104,3,2023-10-21
CLM_00745,CUST_0288,24408,1,2024-04-16
CLM_00746,CUST_0289,182177,2,2024-01-21
CLM_00747,CUST_0289,149752,3,2025-02-08
CLM_00748,CUST_0290,138939,3,2023-12-20
CLM_00749,CUST_0290,4329,1,2024-10-02
CLM_00750,CUST_0290,197977,1,2023-06-06
CLM_00751,CUST_0292,101069,1,2023-12-18
CLM_00752,CUST_0292,79386,0,2022-04-28
CLM_00753,CUST_0292,90709,0,2022-01-27
CLM_00754,CUST_0292,16220,0,2022-07-18
CLM_00755,CUST_0293,126951,3,2024-04-30
CLM_00756,CUST_0293,96190,3,2022-10-27
CLM_00757,CUST_0294,152856,0,2024-12-18
CLM_00758,CUST_0294,142220,5,2024-01-23
CLM_00759,CUST_0294,36719,5,2022-03-03
CLM_00760,CUST_0294,107271,0,2022-09-13
CLM_00761,CUST_0294,47931,5,2023-09-07
CLM_00762,CUST_0295,107252,3,2024-01-02
CLM_00763,CUST_0295,177563,5,2023-05-31
CLM_00764,CUST_0295,180697,3,2024-11-06
CLM_00765,CUST_0295,13117,5,2024-12-28
CLM_00766,CUST_0296,113005,1,2024-08-02
CLM_00767,CUST_0296,162767,1,2023-03-07
CLM_00768,CUST_0297,92529,1,2023-07-22
CLM_00769,CUST_0297,83533,5,2024-03-03
CLM_00770,CUST_0298,198382,1,2024-04-25
CLM_00771,CUST_0298,158457,0,2023-09-10
CLM_00772,CUST_0298,134332,3,2025-01-02
CLM_00773,CUST_0299,138874,1,2023-03-21
CLM_00774,CUST_0300,131994,0,2022-10-16
CLM_00775,CUST_0300,122819,0,2025-03-13
CLM_00776,CUST_0300,40324,1,2024-05-06
CLM_00777,CUST_0302,162572,2,2023-07-18
CLM_00778,CUST_0302,79858,0,2022-01-13
CLM_00779,CUST_0303,2387,0,2022-11-08
CLM_00780,CUST_0303,35548,2,2022-10-27
CLM_00781,CUST_0303,171451,0,2025-03-18
CLM_00782,CUST_0303,199416,5,2022-02-11
CLM_00783,CUST_0303,4297,1,2023-04-09
CLM_00784,CUST_0306,115481,4,2023-06-15
CLM_00785,CUST_0306,160308,4,2024-05-21
CLM_00786,CUST_0306,118996,4,2025-02-01
CLM_00787,CUST_0306,16575,4,2025-01-09
CLM_00788,CUST_0306,160448,4,2022-06-03
CLM_00789,CUST_0307,7903,0,2022-08-28
CLM_00790,CUST_0308,28548,4,2024-03-09
CLM_00791,CUST_0308,11467,2,2023-11-19
CLM_00792,CUST_0308,23301,4,2022-09-29
CLM_00793,CUST_0308,103955,4,2023-03-02
CLM_00794,CUST_0308,2093,1,2022-03-05
CLM_00795,CUST_0309,175112,2,2023-04-15
CLM_00796,CUST_0309,92969,1,2025-01-01
CLM_00797,CUST_0309,110675,2,2024-11-10
CLM_00798,CUST_0309,72597,4,2023-07-30
CLM_00799,CUST_0310,94410,0,2025-02-03
CLM_00800,CUST_0310,44153,5,2023-02-10
CLM_00801,CUST_0310,89049,4,2024-12-29
CLM_00802,CUST_0310,105711,2,2025-03-07
CLM_00803,CUST_0311,32286,3,2024-04-14
CLM_00804,CUST_0312,174387,4,2023-05-21
CLM_00805,CUST_0314,79637,4,2023-12-16
CLM_00806,CUST_0314,86623,2,2022-04-27
CLM_00807,CUST_0315,117353,1,2023-05-31
CLM_00808,CUST_0315,179729,2,2023-06-16
CLM_00809,CUST_0315,159865,0,2023-08-15
CLM_00810,CUST_0316,23397,0,2025-04-07
CLM_00811,CUST_0317,194860,0,2025-02-14
CLM_00812,CUST_0317,10002,5,2025-02-24
CLM_00813,CUST_0318,6641,5,2023-06-12
CLM_00814,CUST_0318,170381,0,2023-03-12
CLM_00815,CUST_0318,148295,1,2022-12-26
CLM_00816,CUST_0318,4959,1,2022-08-02
CLM_00817,CUST_0319,27215,1,2024-01-24
CLM_00818,CUST_0319,94593,5,2023-01-24
CLM_00819,CUST_0319,179658,4,2023-12-05
CLM_00820,CUST_0320,153290,4,2025-02-10
CLM_00821,CUST_0320,57205,3,2022-03-20
CLM_00822,CUST_0320,25874,5,2023-11-05
CLM_00823,CUST_0320,43319,0,2022-07-23
CLM_00824,CUST_0323,189432,1,2023-05-14
CLM_00825,CUST_0324,106924,5,2025-01-08
CLM_00826,CUST_0325,198713,1,2025-03-04
CLM_00827,CUST_0326,56289,1,2023-08-04
CLM_00828,CUST_0326,141140,2,2025-01-11
CLM_00829,CUST_0326,186988,3,2024-08-23
CLM_00830,CUST_0327,140931,4,2023-05-14
CLM_00831,CUST_0327,127580,2,2024-08-05
CLM_00832,CUST_0327,20773,3,2022-06-21
CLM_00833,CUST_0327,12818,3,2022-03-07
CLM_00834,CUST_0327,174220,5,2022-07-08
CLM_00835,CUST_0328,163997,1,2023-11-01
CLM_00836,CUST_0328,59314,5,2024-05-05
CLM_00837,CUST_0328,113583,3,2024-11-22
CLM_00838,CUST_0328,56680,0,2022-11-26
CLM_00839,CUST_0329,198418,0,2022-03-20
CLM_00840,CUST_0331,52182,3,2022-09-17
CLM_00841,CUST_0332,166916,0,2023-09-12
CLM_00842,CUST_0332,11094,4,2022-12-23
CLM_00843,CUST_0332,85834,2,2025-02-12
CLM_00844,CUST_0332,26539,3,2023-06-06
CLM_00845,CUST_0332,34555,1,2025-03-11
CLM_00846,CUST_0333,27293,5,2025-01-10
CLM_00847,CUST_0334,3055,4,2023-10-22
CLM_00848,CUST_0334,137392,1,2023-07-01
CLM_00849,CUST_0334,9321,0,2022-08-18
CLM_00850,CUST_0335,102770,3,2022-02-24
CLM_00851,CUST_0335,109762,2,2025-02-25
CLM_00852,CUST_0336,109062,1,2024-05-02
CLM_00853,CUST_0336,193755,1,2023-02-20
CLM_00854,CUST_0336,141868,1,2023-01-01
CLM_00855,CUST_0336,165384,2,2023-08-22
CLM_00856,CUST_0337,129354,0,2022-01-11
CLM_00857,CUST_0338,103930,2,2025-02-19
CLM_00858,CUST_0339,169290,3,2024-08-15
CLM_00859,CUST_0339,4507,0,2022-04-02
CLM_00860,CUST_0341,130514,3,2024-08-12
CLM_00861,CUST_0341,15305,1,2024-07-18
CLM_00862,CUST_0342,52044,2,2023-10-01
CLM_00863,CUST_0342,46666,5,2023-04-23
CLM_00864,CUST_0342,195039,1,2023-11-26
CLM_00865,CUST_0343,168265,5,2024-04-28
CLM_00866,CUST_0343,131605,2,2023-04-12
CLM_00867,CUST_0343,23504,3,2025-02-19
CLM_00868,CUST_0344,111597,2,2022-11-04
CLM_00869,CUST_0345,166811,5,2024-08-11
CLM_00870,CUST_0345,5539,5,2024-10-18
CLM_00871,CUST_0345,116360,4,2024-04-11
CLM_00872,CUST_0346,69180,1,2025-01-23
CLM_00873,CUST_0346,140583,3,2024-03-09
CLM_00874,CUST_0346,194202,1,2024-12-28
CLM_00875,CUST_0347,42756,2,2024-05-08
CLM_00876,CUST_0347,158984,3,2024-02-14
CLM_00877,CUST_0347,38623,2,2023-11-08
CLM_00878,CUST_0347,154706,5,2022-07-30
CLM_00879,CUST_0347,161080,3,2023-05-05
CLM_00880,CUST_0348,117374,2,2022-12-01
CLM_00881,CUST_0348,89609,2,2025-01-15
CLM_00882,CUST_0349,131458,1,2022-06-02
CLM_00883,CUST_0349,47801,4,2022-06-27
CLM_00884,CUST_0351,23798,5,2023-05-15
CLM_00885,CUST_0352,5631,1,2022-01-13
CLM_00886,CUST_0352,56878,1,2024-09-17
CLM_00887,CUST_0352,72323,3,2025-02-10
CLM_00888,CUST_0352,157947,2,2022-02-22
CLM_00889,CUST_0353,135360,0,2022-04-07
CLM_00890,CUST_0354,138886,2,2023-12-24
CLM_00891,CUST_0354,3692,1,2023-11-15
CLM_00892,CUST_0354,20373,4,2023-05-27
CLM_00893,CUST_0354,14507,3,2025-04-04
CLM_00894,CUST_0354,114362,1,2023-07-18
CLM_00895,CUST_0355,86120,1,2024-03-17
CLM_00896,CUST_0355,66600,0,2024-05-25
CLM_00897,CUST_0355,6820,0,2022-12-01
CLM_00898,CUST_0355,125191,0,2022-12-18
CLM_00899,CUST_0357,183505,1,2023-11-07
CLM_00900,CUST_0357,48022,4,2022-02-03
CLM_00901,CUST_0357,149854,0,2022-12-14
CLM_00902,CUST_0357,186085,4,2022-12-23
CLM_00903,CUST_0358,152049,0,2022-02-22
CLM_00904,CUST_0359,106998,5,2022-08-07
CLM_00905,CUST_0359,130672,4,2023-03-28
CLM_00906,CUST_0359,161874,1,2024-01-08
CLM_00907,CUST_0359,186894,3,2022-10-17
CLM_00908,CUST_0360,90450,0,2023-12-12
CLM_00909,CUST_0360,157341,4,2024-09-13
CLM_00910,CUST_0360,62398,3,2023-11-17
CLM_00911,CUST_0362,138997,3,2023-01-08
CLM_00912,CUST_0362,95719,2,2024-09-20
CLM_00913,CUST_0362,74258,3,2022-01-23
CLM_00914,CUST_0362,22631,0,2024-10-01
CLM_00915,CUST_0364,150780,5,2024-03-24
CLM_00916,CUST_0364,152206,2,2024-02-22
CLM_00917,CUST_0364,14642,3,2022-01-08
CLM_00918,CUST_0365,93885,2,2023-07-29
CLM_00919,CUST_0365,19523,5,2024-06-30
CLM_00920,CUST_0365,105879,5,2025-02-16
CLM_00921,CUST_0365,76830,5,2023-04-28
CLM_00922,CUST_0366,115266,2,2023-01-22
CLM_00923,CUST_0366,12699,1,2024-06-09
CLM_00924,CUST_0366,58249,0,2024-08-20
CLM_00925,CUST_0366,123844,3,2022-10-27
CLM_00926,CUST_0367,152215,3,2024-04-04
CLM_00927,CUST_0367,82911,4,2022-05-29
CLM_00928,CUST_0367,122734,3,2022-11-03
CLM_00929,CUST_0367,52756,3,2023-03-11
CLM_00930,CUST_0368,125802,5,2022-09-02
CLM_00931,CUST_0368,108421,0,2025-01-04
CLM_00932,CUST_0368,23225,5,2023-01-25
CLM_00933,CUST_0368,85333,1,2023-07-22
CLM_00934,CUST_0369,6402,1,2024-10-26
CLM_00935,CUST_0369,114693,3,2023-02-09
CLM_00936,CUST_0370,15065,1,2024-04-03
CLM_00937,CUST_0371,123990,1,2024-04-17
CLM_00938,CUST_0372,8816,5,2022-05-08
CLM_00939,CUST_0372,11341,4,2024-12-14
CLM_00940,CUST_0372,191967,0,2023-06-30
CLM_00941,CUST_0374,30194,5,2023-01-26
CLM_00942,CUST_0374,172648,4,2022-10-26
CLM_00943,CUST_0374,147627,1,2022-07-26
CLM_00944,CUST_0375,31644,1,2023-12-09
CLM_00945,CUST_0375,158371,5,2023-11-15
CLM_00946,CUST_0375,11202,1,2022-06-17
CLM_00947,CUST_0375,134757,5,2024-04-28
CLM_00948,CUST_0376,80946,1,2022-09-28
CLM_00949,CUST_0376,124086,3,2024-10-30
CLM_00950,CUST_0376,154093,1,2022-09-01
CLM_00951,CUST_0376,1532,2,2024-06-11
CLM_00952,CUST_0378,165278,0,2023-04-29
CLM_00953,CUST_0378,155622,5,2024-10-28
CLM_00954,CUST_0378,104599,2,2023-01-02
CLM_00955,CUST_0378,36509,1,2022-03-27
CLM_00956,CUST_0378,146486,0,2023-03-22
CLM_00957,CUST_0379,49150,3,2024-06-22
CLM_00958,CUST_0379,54235,5,2022-02-16
CLM_00959,CUST_0379,173795,4,2023-11-21
CLM_00960,CUST_0380,160083,3,2022-10-13
CLM_00961,CUST_0382,180653,4,2022-01-31
CLM_00962,CUST_0382,123482,0,2023-02-16
CLM_00963,CUST_0382,197135,5,2024-08-06
CLM_00964,CUST_0382,181585,1,2023-03-13
CLM_00965,CUST_0382,99007,4,2024-07-11
CLM_00966,CUST_0385,156583,5,2022-11-02
CLM_00967,CUST_0385,21881,1,2022-12-09
CLM_00968,CUST_0385,65285,3,2023-12-13
CLM_00969,CUST_0385,138294,5,2023-02-07
CLM_00970,CUST_0386,138012,1,2023-08-26
CLM_00971,CUST_0386,57520,0,2024-01-13
CLM_00972,CUST_0386,54812,2,2022-10-28
CLM_00973,CUST_0386,170690,2,2024-01-21
CLM_00974,CUST_0386,156516,2,2022-08-02
CLM_00975,CUST_0387,100834,5,2024-12-26
CLM_00976,CUST_0388,194692,0,2023-05-27
CLM_00977,CUST_0388,112850,3,2024-09-13
CLM_00978,CUST_0388,121548,4,2022-02-07
CLM_00979,CUST_0388,31786,4,2024-09-13
CLM_00980,CUST_0388,67261,5,2022-11-01
CLM_00981,CUST_0389,143342,0,2022-09-02
CLM_00982,CUST_0389,30416,5,2024-10-21
CLM_00983,CUST_0391,170564,5,2023-09-19
CLM_00984,CUST_0391,117255,0,2022-10-02
CLM_00985,CUST_0392,37690,5,2024-04-26
CLM_00986,CUST_0392,56630,3,2025-03-24
CLM_00987,CUST_0392,15797,5,2022-02-08
CLM_00988,CUST_0393,6265,3,2023-03-31
CLM_00989,CUST_0393,184566,2,2024-12-04
CLM_00990,CUST_0393,158070,2,2022-07-26
CLM_00991,CUST_0393,192411,2,2023-06-03
CLM_00992,CUST_0394,178417,5,2025-02-11
CLM_00993,CUST_0394,43826,5,2025-01-24
CLM_00994,CUST_0394,17084,1,2023-02-27
CLM_00995,CUST_0394,61331,1,2022-02-19
CLM_00996,CUST_0394,189646,3,2024-05-03
CLM_00997,CUST_0395,96917,4,2022-08-01
CLM_00998,CUST_0395,1908,2,2024-04-29
CLM_00999,CUST_0396,128319,0,2025-03-06
CLM_01000,CUST_0396,2928,0,2024-12-24
CLM_01001,CUST_0396,40449,3,2022-11-30
CLM_01002,CUST_0396,167967,3,2024-06-16
CLM_01003,CUST_0397,152767,5,2023-08-24
CLM_01004,CUST_0398,56967,3,2025-03-18
CLM_01005,CUST_0399,116751,1,2022-10-10
CLM_01006,CUST_0399,48231,0,2024-11-24
CLM_01007,CUST_0399,121139,4,2025-01-09
CLM_01008,CUST_0399,15169,0,2022-08-30
CLM_01009,CUST_0400,115391,4,2022-08-21
CLM_01010,CUST_0400,106081,1,2024-08-08
CLM_01011,CUST_0400,139322,2,2025-01-06
CLM_01012,CUST_0400,188717,5,2024-03-13
CLM_01013,CUST_0402,39023,4,2022-11-13
CLM_01014,CUST_0402,190304,0,2023-10-30
CLM_01015,CUST_0402,94897,1,2022-01-18
CLM_01016,CUST_0402,90042,2,2024-02-17
CLM_01017,CUST_0402,110951,3,2023-06-12
CLM_01018,CUST_0403,9290,3,2023-10-03
CLM_01019,CUST_0403,43290,2,2024-02-19
CLM_01020,CUST_0403,5149,0,2023-11-08
CLM_01021,CUST_0405,173872,3,2023-08-14
CLM_01022,CUST_0406,43098,3,2023-03-20
CLM_01023,CUST_0406,28750,2,2024-07-15
CLM_01024,CUST_0407,44345,1,2023-10-06
CLM_01025,CUST_0407,141294,2,2024-02-29
CLM_01026,CUST_0407,131458,2,2022-02-07
CLM_01027,CUST_0407,169421,0,2025-02-14
CLM_01028,CUST_0407,90352,1,2023-07-16
CLM_01029,CUST_0408,42889,1,2024-03-15
CLM_01030,CUST_0408,129177,3,2023-04-13
CLM_01031,CUST_0408,83597,5,2024-02-19
CLM_01032,CUST_0408,75379,1,2024-12-03
CLM_01033,CUST_0408,171713,1,2024-08-12
CLM_01034,CUST_0410,128785,5,2023-08-18
CLM_01035,CUST_0411,166452,0,2022-08-04
CLM_01036,CUST_0412,97507,0,2024-02-05
CLM_01037,CUST_0412,103070,1,2024-07-03
CLM_01038,CUST_0412,18228,3,2022-04-05
CLM_01039,CUST_0412,80636,5,2022-05-30
CLM_01040,CUST_0413,54486,1,2022-05-11
CLM_01041,CUST_0413,193366,3,2023-01-16
CLM_01042,CUST_0413,72812,0,2022-10-22
CLM_01043,CUST_0414,106664,5,2025-03-12
CLM_01044,CUST_0415,185604,5,2022-11-25
CLM_01045,CUST_0415,8070,0,2024-09-06
CLM_01046,CUST_0415,38921,5,2024-07-10
CLM_01047,CUST_0415,92995,5,2022-03-19
CLM_01048,CUST_0419,97047,2,2022-09-20
CLM_01049,CUST_0419,59720,2,2022-09-16
CLM_01050,CUST_0419,193870,4,2022-11-04
CLM_01051,CUST_0419,110853,1,2024-03-07
CLM_01052,CUST_0421,24003,2,2022-11-20
CLM_01053,CUST_0421,52452,5,2023-12-28
CLM_01054,CUST_0421,9840,0,2023-03-24
CLM_01055,CUST_0421,98622,1,2022-02-06
CLM_01056,CUST_0422,179541,2,2024-11-23
CLM_01057,CUST_0422,34370,0,2024-04-09
CLM_01058,CUST_0423,138604,0,2024-01-30
CLM_01059,CUST_0423,18242,4,2023-03-10
CLM_01060,CUST_0424,95049,0,2024-06-28
CLM_01061,CUST_0424,141503,3,2022-09-27
CLM_01062,CUST_0424,90027,1,2022-03-18
CLM_01063,CUST_0424,70366,0,2024-06-02
CLM_01064,CUST_0425,183999,0,2023-06-28
CLM_01065,CUST_0425,17032,3,2022-09-07
CLM_01066,CUST_0425,59486,0,2022-04-27
CLM_01067,CUST_0426,137014,1,2025-01-08
CLM_01068,CUST_0426,2693,2,2022-04-26
CLM_01069,CUST_0426,119746,3,2025-04-07
CLM_01070,CUST_0426,136014,3,2024-03-20
CLM_01071,CUST_0427,158455,4,2024-09-03
CLM_01072,CUST_0427,136774,3,2023-09-06
CLM_01073,CUST_0427,56332,3,2023-04-10
CLM_01074,CUST_0428,102619,5,2022-04-27
CLM_01075,CUST_0428,170314,3,2022-11-04
CLM_01076,CUST_0428,102281,5,2025-04-11
CLM_01077,CUST_0429,62969,4,2025-03-26
CLM_01078,CUST_0429,155798,0,2022-04-22
CLM_01079,CUST_0429,115370,1,2022-11-28
CLM_01080,CUST_0430,87346,0,2022-10-05
CLM_01081,CUST_0430,27967,4,2024-06-15
CLM_01082,CUST_0430,154986,3,2023-10-17
CLM_01083,CUST_0430,150563,5,2023-12-27
CLM_01084,CUST_0430,89119,1,2025-04-12
CLM_01085,CUST_0431,161017,0,2022-10-06
CLM_01086,CUST_0431,138241,1,2025-04-04
CLM_01087,CUST_0431,3830,2,2024-07-13
CLM_01088,CUST_0431,196339,5,2023-01-15
CLM_01089,CUST_0431,166722,3,2022-10-12
CLM_01090,CUST_0432,51312,1,2022-08-16
CLM_01091,CUST_0432,181718,4,2023-06-12
CLM_01092,CUST_0432,199151,1,2023-12-06
CLM_01093,CUST_0432,189137,1,2023-03-22
CLM_01094,CUST_0433,85687,0,2023-12-22
CLM_01095,CUST_0433,117419,1,2023-08-05
CLM_01096,CUST_0434,17441,4,2024-01-06
CLM_01097,CUST_0434,6834,5,2024-01-24
CLM_01098,CUST_0434,146854,3,2022-01-24
CLM_01099,CUST_0434,74967,1,2024-03-14
CLM_01100,CUST_0435,59886,3,2023-03-10
CLM_01101,CUST_0437,185682,3,2023-01-04
CLM_01102,CUST_0437,117862,0,2022-09-01
CLM_01103,CUST_0437,55919,0,2023-06-11
CLM_01104,CUST_0437,135204,1,2023-10-01
CLM_01105,CUST_0438,151623,4,2022-04-15
CLM_01106,CUST_0438,149138,4,2024-05-12
CLM_01107,CUST_0438,77173,5,2022-10-26
CLM_01108,CUST_0438,158556,1,2024-02-10
CLM_01109,CUST_0440,157110,4,2024-12-17
CLM_01110,CUST_0440,82910,0,2022-02-08
CLM_01111,CUST_0440,148731,2,2024-07-14
CLM_01112,CUST_0441,16312,4,2024-08-03
CLM_01113,CUST_0441,189885,3,2023-01-09
CLM_01114,CUST_0442,177058,3,2025-01-18
CLM_01115,CUST_0442,32646,4,2025-04-01
CLM_01116,CUST_0442,40430,3,2023-10-16
CLM_01117,CUST_0442,4158,4,2022-10-19
CLM_01118,CUST_0442,158810,4,2024-03-31
CLM_01119,CUST_0443,84117,0,2025-02-13
CLM_01120,CUST_0443,4799,3,2022-01-30
CLM_01121,CUST_0443,191630,5,2024-08-06
CLM_01122,CUST_0443,135183,0,2022-04-17
CLM_01123,CUST_0444,145569,2,2022-09-26
CLM_01124,CUST_0444,117219,2,2025-01-01
CLM_01125,CUST_0445,38130,5,2024-03-09
CLM_01126,CUST_0445,29954,5,2025-03-18
CLM_01127,CUST_0445,145250,5,2023-02-20
CLM_01128,CUST_0445,197033,4,2024-05-16
CLM_01129,CUST_0446,66775,5,2024-08-16
CLM_01130,CUST_0446,72561,0,2023-12-04
CLM_01131,CUST_0446,117272,3,2023-10-26
CLM_01132,CUST_0446,191929,5,2024-08-30
CLM_01133,CUST_0446,12937,1,2022-10-15
CLM_01134,CUST_0448,70043,1,2022-05-16
CLM_01135,CUST_0448,198633,2,2023-12-11
CLM_01136,CUST_0448,29696,5,2023-01-16
CLM_01137,CUST_0449,15819,0,2024-03-16
CLM_01138,CUST_0449,86491,4,2024-08-11
CLM_01139,CUST_0449,99152,0,2022-02-01
CLM_01140,CUST_0449,10119,5,2022-07-10
CLM_01141,CUST_0450,130775,1,2023-09-15
CLM_01142,CUST_0450,60262,1,2023-02-24
CLM_01143,CUST_0452,144762,0,2022-11-26
CLM_01144,CUST_0452,172370,5,2025-04-11
CLM_01145,CUST_0452,152015,1,2023-08-28
CLM_01146,CUST_0453,193073,4,2022-08-11
CLM_01147,CUST_0453,10832,1,2023-01-08
CLM_01148,CUST_0453,189672,3,2022-08-24
CLM_01149,CUST_0454,86843,2,2023-01-15
CLM_01150,CUST_0454,6563,3,2024-03-29
CLM_01151,CUST_0454,24194,4,2022-07-24
CLM_01152,CUST_0454,23528,2,2022-09-14
CLM_01153,CUST_0457,151521,5,2022-09-03
CLM_01154,CUST_0458,7504,2,2024-05-15
CLM_01155,CUST_0458,116775,0,2024-08-19
CLM_01156,CUST_0459,183257,0,2022-12-16
CLM_01157,CUST_0460,8724,4,2022-12-24
CLM_01158,CUST_0460,82297,3,2024-11-14
CLM_01159,CUST_0460,151944,5,2023-07-03
CLM_01160,CUST_0461,89751,1,2023-10-11
CLM_01161,CUST_0461,58326,4,2023-06-27
CLM_01162,CUST_0461,173074,3,2023-05-06
CLM_01163,CUST_0461,145690,5,2022-04-23
CLM_01164,CUST_0462,44361,5,2023-09-02
CLM_01165,CUST_0462,149388,3,2023-04-11
CLM_01166,CUST_0462,97079,0,2025-01-26
CLM_01167,CUST_0462,147745,3,2025-03-25
CLM_01168,CUST_0462,75937,2,2023-12-18
CLM_01169,CUST_0465,144353,4,2023-08-19
CLM_01170,CUST_0466,199859,1,2024-08-16
CLM_01171,CUST_0467,107508,2,2023-04-20
CLM_01172,CUST_0467,180841,0,2022-09-19
CLM_01173,CUST_0467,114186,1,2022-06-30
CLM_01174,CUST_0467,144084,4,2022-01-21
CLM_01175,CUST_0468,94467,4,2023-04-11
CLM_01176,CUST_0468,115827,4,2023-06-21
CLM_01177,CUST_0469,43773,2,2024-07-22
CLM_01178,CUST_0469,58194,3,2025-04-06
CLM_01179,CUST_0469,184144,4,2022-01-15
CLM_01180,CUST_0469,68582,0,2022-07-15
CLM_01181,CUST_0470,103212,3,2024-01-27
CLM_01182,CUST_0470,141248,0,2023-03-31
CLM_01183,CUST_0470,82632,0,2024-04-27
CLM_01184,CUST_0471,25909,5,2024-12-25
CLM_01185,CUST_0473,193269,2,2022-06-20
CLM_01186,CUST_0473,148530,0,2023-08-15
CLM_01187,CUST_0473,11170,0,2022-10-01
CLM_01188,CUST_0474,105626,3,2022-12-29
CLM_01189,CUST_0474,140111,1,2023-05-09
CLM_01190,CUST_0474,129327,2,2024-06-22
CLM_01191,CUST_0475,93949,4,2024-06-02
CLM_01192,CUST_0476,88789,3,2024-11-12
CLM_01193,CUST_0476,2365,4,2024-06-23
CLM_01194,CUST_0476,57072,3,2024-10-20
CLM_01195,CUST_0476,69211,3,2024-08-10
CLM_01196,CUST_0477,93847,3,2024-03-11
CLM_01197,CUST_0477,109459,3,2025-04-14
CLM_01198,CUST_0477,183581,3,2022-11-25
CLM_01199,CUST_0477,153452,0,2023-10-19
CLM_01200,CUST_0478,179474,2,2024-05-14
CLM_01201,CUST_0478,87851,2,2022-04-16
CLM_01202,CUST_0478,17153,1,2024-06-11
CLM_01203,CUST_0479,174224,0,2023-04-16
CLM_01204,CUST_0479,186029,4,2022-09-17
CLM_01205,CUST_0479,33701,4,2022-10-12
CLM_01206,CUST_0480,120738,3,2022-03-11
CLM_01207,CUST_0480,135546,5,2022-09-12
CLM_01208,CUST_0480,190123,3,2024-04-13
CLM_01209,CUST_0481,10663,0,2022-08-01
CLM_01210,CUST_0481,133107,3,2025-02-09
CLM_01211,CUST_0481,43315,5,2023-04-20
CLM_01212,CUST_0481,46627,4,2022-06-14
CLM_01213,CUST_0482,180678,5,2023-06-18
CLM_01214,CUST_0483,147997,1,2024-10-18
CLM_01215,CUST_0484,27025,5,2024-04-21
CLM_01216,CUST_0485,120473,4,2022-02-15
CLM_01217,CUST_0485,23057,4,2024-09-26
CLM_01218,CUST_0485,97031,1,2022-12-01
CLM_01219,CUST_0485,38734,0,2023-11-19
CLM_01220,CUST_0485,194855,2,2025-01-12
CLM_01221,CUST_0486,183429,5,2023-09-25
CLM_01222,CUST_0486,67902,4,2023-01-13
CLM_01223,CUST_0487,95825,4,2023-06-20
CLM_01224,CUST_0487,35085,3,2024-12-29
CLM_01225,CUST_0487,7485,0,2022-09-14
CLM_01226,CUST_0489,91005,4,2025-03-30
CLM_01227,CUST_0490,177411,4,2023-09-02
CLM_01228,CUST_0490,58260,5,2022-05-28
CLM_01229,CUST_0491,167856,4,2023-07-24
CLM_01230,CUST_0491,151527,3,2024-01-18
CLM_01231,CUST_0492,101248,0,2023-02-03
CLM_01232,CUST_0492,25727,0,2023-04-27
CLM_01233,CUST_0494,39097,0,2023-05-22
CLM_01234,CUST_0494,56790,0,2022-12-06
CLM_01235,CUST_0494,106371,0,2025-02-03
CLM_01236,CUST_0495,144858,4,2023-12-05
CLM_01237,CUST_0499,158907,4,2022-05-11
CLM_01238,CUST_0499,128451,3,2023-06-20
CLM_01239,CUST_0499,163818,1,2024-01-11
CLM_01240,CUST_0499,86796,4,2023-08-11
CLM_01241,CUST_0500,142037,4,2023-01-11
CLM_01242,CUST_0500,179357,5,2022-07-23
CLM_01243,CUST_0500,19420,4,2022-03-16
CLM_01244,CUST_0501,180964,5,2023-07-24
CLM_01245,CUST_0501,78609,3,2024-09-13
CLM_01246,CUST_0501,123108,3,2023-12-28
CLM_01247,CUST_0502,37117,4,2024-05-19
CLM_01248,CUST_0503,188349,3,2022-08-10
CLM_01249,CUST_0503,17373,4,2024-07-26
CLM_01250,CUST_0503,6654,0,2024-04-25
CLM_01251,CUST_0503,123319,1,2022-02-04
CLM_01252,CUST_0506,113114,4,2022-03-31
CLM_01253,CUST_0506,173420,1,2024-09-08
CLM_01254,CUST_0506,24395,2,2023-04-26
CLM_01255,CUST_0506,131572,5,2022-02-21
CLM_01256,CUST_0507,106598,0,2023-11-30
CLM_01257,CUST_0507,199884,5,2023-04-15
CLM_01258,CUST_0507,110033,4,2023-03-03
CLM_01259,CUST_0508,85666,4,2023-05-30
CLM_01260,CUST_0508,151619,5,2023-01-24
CLM_01261,CUST_0508,5769,3,2024-12-25
CLM_01262,CUST_0508,166234,4,2023-10-29
CLM_01263,CUST_0508,22102,0,2022-03-09
CLM_01264,CUST_0509,104639,4,2023-03-04
CLM_01265,CUST_0509,50526,3,2022-08-04
CLM_01266,CUST_0511,124233,0,2024-05-30
CLM_01267,CUST_0511,105921,0,2022-06-28
CLM_01268,CUST_0511,37739,1,2022-07-17
CLM_01269,CUST_0511,17352,4,2025-01-12
CLM_01270,CUST_0512,31828,0,2022-03-13
CLM_01271,CUST_0512,94430,3,2023-07-27
CLM_01272,CUST_0512,164763,5,2024-08-26
CLM_01273,CUST_0512,10246,3,2022-01-04
CLM_01274,CUST_0513,50300,1,2023-06-09
CLM_01275,CUST_0513,17013,5,2024-11-19
CLM_01276,CUST_0513,76955,5,2024-05-01
CLM_01277,CUST_0513,66470,2,2024-06-19
CLM_01278,CUST_0515,22695,0,2023-08-30
CLM_01279,CUST_0516,130560,5,2025-03-23
CLM_01280,CUST_0516,69393,0,2024-10-21
CLM_01281,CUST_0517,75656,2,2022-06-22
CLM_01282,CUST_0517,199161,1,2023-02-02
CLM_01283,CUST_0518,49703,1,2024-11-05
CLM_01284,CUST_0518,189300,4,2024-09-30
CLM_01285,CUST_0518,169162,5,2024-02-10
CLM_01286,CUST_0518,44557,3,2024-12-25
CLM_01287,CUST_0518,127838,2,2023-09-18
CLM_01288,CUST_0520,42967,0,2024-07-28
CLM_01289,CUST_0520,40462,4,2022-06-04
CLM_01290,CUST_0520,111023,2,2024-09-30
CLM_01291,CUST_0520,117771,2,2023-06-26
CLM_01292,CUST_0520,125023,1,2024-06-03
CLM_01293,CUST_0521,102605,2,2024-07-30
CLM_01294,CUST_0521,69535,2,2023-04-29
CLM_01295,CUST_0523,144457,4,2024-05-28
CLM_01296,CUST_0523,184081,2,2024-05-20
CLM_01297,CUST_0524,157833,3,2023-04-02
CLM_01298,CUST_0524,162605,5,2023-03-20
CLM_01299,CUST_0524,22880,3,2024-03-04
CLM_01300,CUST_0524,87829,1,2023-03-29
CLM_01301,CUST_0524,59810,1,2024-09-21
CLM_01302,CUST_0526,86066,0,2022-07-29
CLM_01303,CUST_0526,4983,5,2024-09-19
CLM_01304,CUST_0527,152401,4,2023-09-19
CLM_01305,CUST_0527,117512,2,2023-10-25
CLM_01306,CUST_0527,102667,3,2024-01-24
CLM_01307,CUST_0527,97639,0,2024-11-29
CLM_01308,CUST_0527,114869,1,2024-06-21
CLM_01309,CUST_0529,170929,1,2023-05-24
CLM_01310,CUST_0529,125019,2,2025-03-30
CLM_01311,CUST_0529,102548,4,2023-04-03
CLM_01312,CUST_0529,129068,0,2024-02-13
CLM_01313,CUST_0529,55090,4,2022-08-22
CLM_01314,CUST_0530,104273,4,2022-07-16
CLM_01315,CUST_0530,104472,2,2023-12-15
CLM_01316,CUST_0532,155870,4,2023-06-14
CLM_01317,CUST_0532,54459,1,2022-09-14
CLM_01318,CUST_0532,66189,1,2023-08-14
CLM_01319,CUST_0533,158113,3,2023-07-28
CLM_01320,CUST_0533,96384,2,2022-12-07
CLM_01321,CUST_0533,117545,0,2024-09-18
CLM_01322,CUST_0534,93749,3,2022-02-08
CLM_01323,CUST_0534,16285,5,2023-11-21
CLM_01324,CUST_0534,88876,1,2025-02-17
CLM_01325,CUST_0535,2953,5,2025-02-20
CLM_01326,CUST_0535,61683,5,2023-08-10
CLM_01327,CUST_0536,109588,5,2024-07-03
CLM_01328,CUST_0536,125542,1,2022-04-09
CLM_01329,CUST_0536,14323,5,2024-09-23
CLM_01330,CUST_0536,89170,4,2022-02-25
CLM_01331,CUST_0536,39491,0,2023-06-06
CLM_01332,CUST_0537,125191,0,2024-11-27
CLM_01333,CUST_0538,104570,5,2025-03-25
CLM_01334,CUST_0538,121132,0,2024-12-26
CLM_01335,CUST_0540,72553,1,2023-10-23
CLM_01336,CUST_0540,169364,0,2025-02-28
CLM_01337,CUST_0540,23289,0,2023-08-07
CLM_01338,CUST_0540,36368,0,2025-03-29
CLM_01339,CUST_0541,192112,4,2025-03-04
CLM_01340,CUST_0541,116486,5,2022-10-10
CLM_01341,CUST_0541,97799,0,2022-07-13
CLM_01342,CUST_0541,48070,1,2022-12-08
CLM_01343,CUST_0541,187633,1,2024-03-11
CLM_01344,CUST_0542,1293,3,2024-03-24
CLM_01345,CUST_0542,49212,3,2022-09-29
CLM_01346,CUST_0543,170116,3,2024-09-24
CLM_01347,CUST_0543,161201,5,2023-09-09
CLM_01348,CUST_0543,33241,2,2023-08-12
CLM_01349,CUST_0543,96171,2,2023-07-21
CLM_01350,CUST_0543,158262,0,2024-06-22
CLM_01351,CUST_0544,155732,5,2023-09-19
CLM_01352,CUST_0544,114100,1,2022-10-20
CLM_01353,CUST_0544,156738,2,2022-05-09
CLM_01354,CUST_0545,195926,0,2025-02-16
CLM_01355,CUST_0545,37555,0,2022-05-13
CLM_01356,CUST_0545,40262,0,2023-10-08
CLM_01357,CUST_0545,154288,5,2023-05-31
CLM_01358,CUST_0546,161607,4,2024-07-15
CLM_01359,CUST_0546,164772,4,2023-11-11
CLM_01360,CUST_0546,91104,4,2024-10-25
CLM_01361,CUST_0546,152308,0,2024-05-04
CLM_01362,CUST_0546,129516,0,2024-09-18
CLM_01363,CUST_0547,47728,5,2024-08-11
CLM_01364,CUST_0547,88578,2,2024-01-25
CLM_01365,CUST_0549,123001,1,2023-05-28
CLM_01366,CUST_0550,188856,5,2023-12-03
CLM_01367,CUST_0550,115278,0,2022-03-08
CLM_01368,CUST_0550,2064,3,2023-12-22
CLM_01369,CUST_0550,121789,0,2024-06-26
CLM_01370,CUST_0550,146396,0,2022-04-25
CLM_01371,CUST_0551,32628,5,2022-12-15
CLM_01372,CUST_0551,41098,3,2022-11-20
CLM_01373,CUST_0551,86861,5,2022-10-21
CLM_01374,CUST_0552,153104,1,2024-08-25
CLM_01375,CUST_0552,116003,1,2023-04-29
CLM_01376,CUST_0552,143375,5,2024-03-03
CLM_01377,CUST_0552,149352,3,2024-07-13
CLM_01378,CUST_0553,77952,0,2022-08-20
CLM_01379,CUST_0553,91070,0,2022-03-06
CLM_01380,CUST_0553,168768,4,2024-03-11
CLM_01381,CUST_0553,186287,5,2023-01-01
CLM_01382,CUST_0553,6659,3,2023-12-30
CLM_01383,CUST_0554,163024,4,2023-08-09
CLM_01384,CUST_0554,44258,3,2024-08-05
CLM_01385,CUST_0554,24668,3,2022-11-17
CLM_01386,CUST_0555,111505,1,2024-07-05
CLM_01387,CUST_0556,1130,5,2022-03-12
CLM_01388,CUST_0556,131735,0,2023-08-10
CLM_01389,CUST_0556,81271,2,2025-03-12
CLM_01390,CUST_0557,83443,5,2024-09-14
CLM_01391,CUST_0557,60582,3,2022-09-17
CLM_01392,CUST_0558,69381,0,2022-06-07
CLM_01393,CUST_0559,175725,2,2022-08-29
CLM_01394,CUST_0559,91626,1,2023-09-26
CLM_01395,CUST_0559,163324,4,2025-01-24
CLM_01396,CUST_0559,62185,1,2023-08-02
CLM_01397,CUST_0559,20343,1,2023-06-11
CLM_01398,CUST_0561,53106,2,2023-03-29
CLM_01399,CUST_0561,42135,2,2024-03-26
CLM_01400,CUST_0562,83470,2,2024-09-24
CLM_01401,CUST_0562,45950,3,2025-01-12
CLM_01402,CUST_0562,32959,0,2022-05-16
CLM_01403,CUST_0562,104213,1,2023-06-03
CLM_01404,CUST_0562,100245,5,2022-05-06
CLM_01405,CUST_0563,104847,4,2022-03-15
CLM_01406,CUST_0563,17412,1,2024-02-15
CLM_01407,CUST_0563,146836,1,2022-10-05
CLM_01408,CUST_0563,109383,3,2023-08-29
CLM_01409,CUST_0564,69201,5,2022-04-07
CLM_01410,CUST_0564,162867,1,2025-02-12
CLM_01411,CUST_0565,114688,1,2023-02-27
CLM_01412,CUST_0565,17426,4,2023-09-25
CLM_01413,CUST_0565,94231,4,2024-09-09
CLM_01414,CUST_0566,124158,2,2022-04-24
CLM_01415,CUST_0566,92663,0,2024-08-12
CLM_01416,CUST_0567,112808,3,2024-08-26
CLM_01417,CUST_0567,49393,2,2022-04-07
CLM_01418,CUST_0567,13368,1,2024-05-15
CLM_01419,CUST_0568,99329,2,2025-03-07
CLM_01420,CUST_0568,120424,1,2022-11-27
CLM_01421,CUST_0568,181374,0,2024-11-04
CLM_01422,CUST_0569,72663,0,2025-02-02
CLM_01423,CUST_0571,32743,2,2024-02-12
CLM_01424,CUST_0571,10108,2,2023-03-28
CLM_01425,CUST_0571,44400,0,2024-06-02
CLM_01426,CUST_0571,115106,5,2024-05-14
CLM_01427,CUST_0572,61934,1,2022-05-01
CLM_01428,CUST_0572,98171,5,2023-12-29
CLM_01429,CUST_0572,48951,0,2023-08-27
CLM_01430,CUST_0572,144512,0,2023-06-24
CLM_01431,CUST_0573,86675,0,2023-07-17
CLM_01432,CUST_0573,185770,0,2025-01-02
CLM_01433,CUST_0573,15784,4,2022-01-12
CLM_01434,CUST_0575,14718,5,2022-02-17
CLM_01435,CUST_0575,100668,0,2025-02-16
CLM_01436,CUST_0575,143936,2,2024-01-24
CLM_01437,CUST_0575,8177,3,2024-07-03
CLM_01438,CUST_0576,111145,4,2023-02-07
CLM_01439,CUST_0576,13418,4,2022-06-29
CLM_01440,CUST_0577,175022,3,2023-07-02
CLM_01441,CUST_0577,17533,3,2025-01-10
CLM_01442,CUST_0577,107504,2,2022-02-03
CLM_01443,CUST_0580,124540,4,2024-12-16
CLM_01444,CUST_0581,141420,4,2024-09-11
CLM_01445,CUST_0581,104471,4,2022-11-11
CLM_01446,CUST_0581,14629,0,2024-10-30
CLM_01447,CUST_0581,120484,3,2024-10-14
CLM_01448,CUST_0582,182538,1,2025-03-17
CLM_01449,CUST_0582,114441,0,2023-03-07
CLM_01450,CUST_0582,173998,3,2022-08-30
CLM_01451,CUST_0582,29373,5,2024-01-11
CLM_01452,CUST_0582,104513,3,2023-01-13
CLM_01453,CUST_0583,161558,4,2022-07-28
CLM_01454,CUST_0583,97694,0,2024-09-12
CLM_01455,CUST_0583,56539,0,2023-01-02
CLM_01456,CUST_0584,189668,1,2024-11-25
CLM_01457,CUST_0584,193358,5,2023-08-31
CLM_01458,CUST_0584,21818,3,2023-11-07
CLM_01459,CUST_0585,115296,5,2022-08-26
CLM_01460,CUST_0585,33922,4,2025-02-20
CLM_01461,CUST_0585,168862,5,2023-03-31
CLM_01462,CUST_0585,62325,0,2023-12-24
CLM_01463,CUST_0585,167243,3,2022-03-28
CLM_01464,CUST_0587,161466,4,2024-03-07
CLM_01465,CUST_0587,178270,1,2025-03-16
CLM_01466,CUST_0587,109813,3,2024-08-18
CLM_01467,CUST_0587,162088,2,2023-11-25
CLM_01468,CUST_0587,64967,1,2023-06-18
CLM_01469,CUST_0588,101967,1,2022-10-19
CLM_01470,CUST_0589,34626,5,2022-02-24
CLM_01471,CUST_0589,36417,2,2024-11-15
CLM_01472,CUST_0589,52664,4,2023-10-04
CLM_01473,CUST_0590,160545,1,2024-01-28
CLM_01474,CUST_0590,177719,3,2022-12-06
CLM_01475,CUST_0592,173453,3,2024-09-30
CLM_01476,CUST_0592,98730,2,2022-07-23
CLM_01477,CUST_0592,173167,4,2024-08-07
CLM_01478,CUST_0592,197981,2,2024-08-14
CLM_01479,CUST_0593,130860,5,2023-03-11
CLM_01480,CUST_0593,138665,2,2024-07-21
CLM_01481,CUST_0593,149752,2,2022-06-30
CLM_01482,CUST_0593,30346,5,2024-07-07
CLM_01483,CUST_0593,23412,1,2022-03-26
CLM_01484,CUST_0594,127968,5,2022-11-13
CLM_01485,CUST_0594,177485,2,2024-02-02
CLM_01486,CUST_0594,121988,3,2024-10-01
CLM_01487,CUST_0595,36523,5,2024-07-05
CLM_01488,CUST_0596,52776,4,2022-11-26
CLM_01489,CUST_0596,112858,5,2024-04-24
CLM_01490,CUST_0596,175843,4,2023-11-16
CLM_01491,CUST_0596,94452,4,2023-08-19
CLM_01492,CUST_0596,23212,2,2025-03-02
CLM_01493,CUST_0597,187381,3,2022-12-16
CLM_01494,CUST_0597,190745,4,2024-09-10
CLM_01495,CUST_0597,171742,3,2024-01-29
CLM_01496,CUST_0597,157511,3,2023-02-09
CLM_01497,CUST_0597,160882,4,2024-09-06
CLM_01498,CUST_0598,175785,2,2024-09-27
CLM_01499,CUST_0599,164362,2,2024-05-11
CLM_01500,CUST_0599,29778,1,2023-07-04
CLM_01501,CUST_0599,120918,4,2024-04-12
CLM_01502,CUST_0599,143746,2,2023-10-30
CLM_01503,CUST_0600,164125,1,2024-08-22
CLM_01504,CUST_0600,184688,5,2023-10-16
CLM_01505,CUST_0600,146104,2,2024-10-20
CLM_01506,CUST_0600,41247,4,2022-02-10
CLM_01507,CUST_0600,66714,2,2022-06-28
CLM_01508,CUST_0601,75503,0,2024-02-06
CLM_01509,CUST_0601,9179,3,2022-08-31
CLM_01510,CUST_0601,99423,4,2023-06-10
CLM_01511,CUST_0601,75138,4,2025-04-09
CLM_01512,CUST_0602,86706,1,2022-06-08
CLM_01513,CUST_0602,110076,1,2024-10-14
CLM_01514,CUST_0602,158801,0,2022-04-22
CLM_01515,CUST_0602,57391,3,2022-02-02
CLM_01516,CUST_0603,6015,2,2022-02-11
CLM_01517,CUST_0603,2056,2,2023-10-19
CLM_01518,CUST_0606,97421,5,2024-11-16
CLM_01519,CUST_0606,199722,2,2023-08-21
CLM_01520,CUST_0606,89432,3,2024-07-24
CLM_01521,CUST_0607,11251,4,2024-09-25
CLM_01522,CUST_0607,9623,0,2024-10-10
CLM_01523,CUST_0607,106393,0,2022-07-03
CLM_01524,CUST_0607,190690,3,2025-01-01
CLM_01525,CUST_0607,85141,0,2024-12-28
CLM_01526,CUST_0609,140517,2,2024-12-31
CLM_01527,CUST_0609,46057,2,2022-03-25
CLM_01528,CUST_0609,86755,2,2022-08-11
CLM_01529,CUST_0609,187160,4,2023-02-09
CLM_01530,CUST_0612,25345,3,2023-08-31
CLM_01531,CUST_0613,154125,0,2022-03-18
CLM_01532,CUST_0613,129022,4,2024-07-08
CLM_01533,CUST_0613,139729,4,2025-03-29
CLM_01534,CUST_0613,10731,0,2025-03-30
CLM_01535,CUST_0614,3934,1,2023-11-22
CLM_01536,CUST_0614,96344,4,2024-01-05
CLM_01537,CUST_0614,197385,3,2023-01-06
CLM_01538,CUST_0615,85997,4,2024-01-06
CLM_01539,CUST_0615,178666,4,2025-03-19
CLM_01540,CUST_0616,67525,4,2024-12-02
CLM_01541,CUST_0616,99248,4,2024-11-20
CLM_01542,CUST_0616,129716,1,2022-05-08
CLM_01543,CUST_0617,10680,4,2023-06-08
CLM_01544,CUST_0617,58914,5,2024-01-30
CLM_01545,CUST_0617,10349,4,2022-06-12
CLM_01546,CUST_0617,150063,4,2022-08-27
CLM_01547,CUST_0617,150992,3,2024-11-21
CLM_01548,CUST_0618,42517,2,2022-04-20
CLM_01549,CUST_0618,46350,3,2022-10-27
CLM_01550,CUST_0619,45013,3,2024-09-28
CLM_01551,CUST_0619,45819,0,2023-06-05
CLM_01552,CUST_0620,94792,5,2024-03-23
CLM_01553,CUST_0621,145991,1,2022-08-08
CLM_01554,CUST_0621,9586,2,2023-06-12
CLM_01555,CUST_0621,165962,1,2022-05-16
CLM_01556,CUST_0623,68625,2,2024-10-18
CLM_01557,CUST_0624,16433,2,2024-01-14
CLM_01558,CUST_0624,43578,3,2023-07-30
CLM_01559,CUST_0625,50317,1,2022-07-26
CLM_01560,CUST_0625,65950,4,2024-01-28
CLM_01561,CUST_0625,115792,2,2023-07-17
CLM_01562,CUST_0625,183580,0,2024-06-14
CLM_01563,CUST_0625,87385,3,2024-11-14
CLM_01564,CUST_0626,87592,4,2023-05-31
CLM_01565,CUST_0626,55535,0,2024-11-20
CLM_01566,CUST_0626,178050,4,2023-12-08
CLM_01567,CUST_0626,135824,3,2022-12-10
CLM_01568,CUST_0627,172567,2,2024-07-16
CLM_01569,CUST_0627,982,1,2022-04-15
CLM_01570,CUST_0628,185915,2,2024-08-19
CLM_01571,CUST_0628,82446,4,2024-07-19
CLM_01572,CUST_0629,182506,2,2024-10-26
CLM_01573,CUST_0629,141180,0,2024-05-27
CLM_01574,CUST_0629,3625,5,2024-08-24
CLM_01575,CUST_0629,74693,3,2024-06-15
CLM_01576,CUST_0632,23202,4,2024-06-19
CLM_01577,CUST_0632,167139,0,2022-11-04
CLM_01578,CUST_0632,144013,1,2022-10-12
CLM_01579,CUST_0633,51559,0,2024-03-07
CLM_01580,CUST_0634,63410,4,2024-01-03
CLM_01581,CUST_0634,9012,3,2022-12-10
CLM_01582,CUST_0634,83794,3,2024-12-11
CLM_01583,CUST_0637,187306,0,2024-10-23
CLM_01584,CUST_0638,20501,5,2024-05-24
CLM_01585,CUST_0638,128476,1,2023-03-10
CLM_01586,CUST_0638,63721,4,2023-10-25
CLM_01587,CUST_0638,172022,4,2023-01-11
CLM_01588,CUST_0639,89333,4,2023-12-09
CLM_01589,CUST_0640,161812,0,2023-02-03
CLM_01590,CUST_0640,19984,2,2023-03-23
CLM_01591,CUST_0640,40205,2,2023-08-18
CLM_01592,CUST_0640,144177,3,2024-12-08
CLM_01593,CUST_0641,38516,5,2024-02-14
CLM_01594,CUST_0641,40800,4,2023-02-01
CLM_01595,CUST_0641,141994,2,2023-12-12
CLM_01596,CUST_0641,58739,2,2025-01-25
CLM_01597,CUST_0641,8167,0,2023-11-16
CLM_01598,CUST_0642,125540,1,2023-11-27
CLM_01599,CUST_0642,71895,4,2022-04-12
CLM_01600,CUST_0642,94330,5,2025-02-14
CLM_01601,CUST_0642,615,4,2022-04-24
CLM_01602,CUST_0642,41936,4,2022-10-19
CLM_01603,CUST_0643,8109,3,2022-02-18
CLM_01604,CUST_0643,13317,2,2022-08-12
CLM_01605,CUST_0643,25622,0,2022-04-20
CLM_01606,CUST_0643,35539,3,2023-07-07
CLM_01607,CUST_0644,160441,5,2022-11-02
CLM_01608,CUST_0644,81459,5,2024-08-16
CLM_01609,CUST_0644,60012,2,2023-09-22
CLM_01610,CUST_0645,181854,3,2022-03-08
CLM_01611,CUST_0645,79003,2,2022-07-25
CLM_01612,CUST_0645,92945,2,2025-01-02
CLM_01613,CUST_0645,19504,2,2023-08-08
CLM_01614,CUST_0646,169870,2,2024-12-07
CLM_01615,CUST_0646,41716,0,2024-03-31
CLM_01616,CUST_0646,155806,1,2024-11-19
CLM_01617,CUST_0648,45038,3,2022-04-23
CLM_01618,CUST_0648,67690,5,2024-09-17
CLM_01619,CUST_0649,136974,2,2024-05-08
CLM_01620,CUST_0649,69110,1,2024-07-06
CLM_01621,CUST_0649,122428,4,2023-09-19
CLM_01622,CUST_0649,100695,3,2022-05-16
CLM_01623,CUST_0649,90388,4,2022-01-31
CLM_01624,CUST_0650,45037,2,2022-03-14
CLM_01625,CUST_0650,83040,0,2023-04-21
CLM_01626,CUST_0651,199978,4,2022-07-31
CLM_01627,CUST_0651,195659,0,2023-10-17
CLM_01628,CUST_0651,56143,3,2022-04-08
CLM_01629,CUST_0652,153627,0,2022-09-30
CLM_01630,CUST_0652,121657,1,2023-03-26
CLM_01631,CUST_0652,185431,5,2022-01-19
CLM_01632,CUST_0652,140880,2,2022-11-07
CLM_01633,CUST_0652,57755,5,2023-09-16
CLM_01634,CUST_0653,178810,1,2022-09-01
CLM_01635,CUST_0653,105137,0,2023-05-30
CLM_01636,CUST_0653,98510,3,2023-01-29
CLM_01637,CUST_0654,18212,5,2022-07-21
CLM_01638,CUST_0654,51319,0,2023-01-24
CLM_01639,CUST_0654,54808,1,2023-08-25
CLM_01640,CUST_0654,156359,5,2024-05-06
CLM_01641,CUST_0655,191112,1,2023-05-11
CLM_01642,CUST_0655,122377,0,2024-04-09
CLM_01643,CUST_0655,154969,2,2024-12-19
CLM_01644,CUST_0656,19050,5,2023-10-08
CLM_01645,CUST_0656,181468,4,2023-05-17
CLM_01646,CUST_0657,88116,1,2022-03-03
CLM_01647,CUST_0657,154646,3,2024-03-30
CLM_01648,CUST_0657,13869,2,2023-12-29
CLM_01649,CUST_0657,187219,2,2024-03-30
CLM_01650,CUST_0660,159295,3,2022-06-27
CLM_01651,CUST_0660,76794,3,2024-12-18
CLM_01652,CUST_0660,56196,5,2023-03-02
CLM_01653,CUST_0660,181191,4,2023-05-01
CLM_01654,CUST_0660,141019,0,2023-04-05
CLM_01655,CUST_0663,198187,3,2022-02-20
CLM_01656,CUST_0663,71988,1,2024-10-01
CLM_01657,CUST_0663,46668,2,2022-07-24
CLM_01658,CUST_0663,199395,5,2023-06-17
CLM_01659,CUST_0663,2155,3,2022-09-08
CLM_01660,CUST_0664,26190,0,2023-02-11
CLM_01661,CUST_0665,124264,4,2025-03-15
CLM_01662,CUST_0665,168749,1,2025-02-16
CLM_01663,CUST_0665,109398,5,2024-10-23
CLM_01664,CUST_0666,29692,0,2024-05-22
CLM_01665,CUST_0666,24085,4,2023-02-02
CLM_01666,CUST_0666,5615,3,2022-06-22
CLM_01667,CUST_0666,199391,5,2023-05-17
CLM_01668,CUST_0666,44608,4,2024-01-31
CLM_01669,CUST_0667,51330,0,2024-03-08
CLM_01670,CUST_0667,68382,1,2023-12-24
CLM_01671,CUST_0667,52243,5,2023-05-03
CLM_01672,CUST_0668,118168,5,2022-11-09
CLM_01673,CUST_0668,102478,3,2024-09-30
CLM_01674,CUST_0668,168610,1,2022-01-14
CLM_01675,CUST_0668,154458,5,2024-11-03
CLM_01676,CUST_0668,94240,3,2022-09-14
CLM_01677,CUST_0669,170002,1,2023-08-12
CLM_01678,CUST_0670,3487,0,2022-12-25
CLM_01679,CUST_0671,85107,3,2022-09-07
CLM_01680,CUST_0672,39865,5,2022-04-22
CLM_01681,CUST_0672,19928,1,2023-11-19
CLM_01682,CUST_0672,147847,0,2022-05-23
CLM_01683,CUST_0672,70687,4,2023-08-02
CLM_01684,CUST_0672,163331,5,2022-09-26
CLM_01685,CUST_0673,97556,0,2023-09-25
CLM_01686,CUST_0673,6125,2,2024-01-13
CLM_01687,CUST_0673,114479,5,2024-12-22
CLM_01688,CUST_0674,43199,4,2024-11-20
CLM_01689,CUST_0674,20113,2,2023-09-14
CLM_01690,CUST_0674,180499,1,2023-10-13
CLM_01691,CUST_0675,77818,3,2025-01-10
CLM_01692,CUST_0675,195647,1,2023-07-21
CLM_01693,CUST_0675,12873,4,2022-05-09
CLM_01694,CUST_0675,23461,0,2025-03-06
CLM_01695,CUST_0675,15198,0,2022-12-21
CLM_01696,CUST_0676,166033,0,2022-09-17
CLM_01697,CUST_0676,84054,2,2022-09-22
CLM_01698,CUST_0676,85823,5,2023-01-27
CLM_01699,CUST_0676,182503,4,2023-08-11
CLM_01700,CUST_0679,31653,1,2022-05-08
CLM_01701,CUST_0680,120756,1,2023-07-27
CLM_01702,CUST_0680,25063,2,2023-08-02
CLM_01703,CUST_0680,12693,1,2025-01-11
CLM_01704,CUST_0680,102379,3,2024-12-19
CLM_01705,CUST_0680,45606,2,2022-10-19
CLM_01706,CUST_0681,145320,5,2024-03-26
CLM_01707,CUST_0681,149273,4,2023-10-26
CLM_01708,CUST_0681,6376,1,2023-10-20
CLM_01709,CUST_0681,69902,5,2022-06-20
CLM_01710,CUST_0682,151687,4,2023-02-09
CLM_01711,CUST_0682,199632,0,2024-05-05
CLM_01712,CUST_0682,176057,3,2023-03-10
CLM_01713,CUST_0683,134942,1,2024-10-22
CLM_01714,CUST_0683,83138,5,2023-12-17
CLM_01715,CUST_0683,190610,1,2022-12-14
CLM_01716,CUST_0684,82318,5,2025-04-14
CLM_01717,CUST_0684,182396,2,2023-02-02
CLM_01718,CUST_0684,170114,1,2023-08-28
CLM_01719,CUST_0684,84859,5,2024-06-20
CLM_01720,CUST_0684,82864,3,2022-11-30
CLM_01721,CUST_0685,170188,2,2024-08-13
CLM_01722,CUST_0685,192866,4,2024-04-03
CLM_01723,CUST_0685,7084,4,2024-08-20
CLM_01724,CUST_0686,143041,3,2024-08-07
CLM_01725,CUST_0686,127182,0,2023-06-28
CLM_01726,CUST_0686,36668,1,2022-05-09
CLM_01727,CUST_0686,46526,5,2022-02-04
CLM_01728,CUST_0687,90480,0,2023-06-10
CLM_01729,CUST_0687,135673,2,2022-08-26
CLM_01730,CUST_0689,171276,3,2025-03-11
CLM_01731,CUST_0690,112265,2,2024-04-18
CLM_01732,CUST_0690,2985,2,2023-08-01
CLM_01733,CUST_0690,40264,0,2025-03-15
CLM_01734,CUST_0691,107158,4,2022-03-05
CLM_01735,CUST_0691,181465,5,2022-06-11
CLM_01736,CUST_0691,143489,4,2022-08-13
CLM_01737,CUST_0692,50629,4,2022-04-17
CLM_01738,CUST_0692,100972,4,2023-07-31
CLM_01739,CUST_0692,67782,5,2023-10-29
CLM_01740,CUST_0692,125006,3,2024-06-12
CLM_01741,CUST_0692,73185,1,2024-06-07
CLM_01742,CUST_0694,11075,3,2024-05-18
CLM_01743,CUST_0694,9950,5,2023-01-29
CLM_01744,CUST_0695,3569,2,2022-08-22
CLM_01745,CUST_0695,30085,5,2022-02-21
CLM_01746,CUST_0695,92174,3,2023-03-17
CLM_01747,CUST_0695,188405,2,2024-04-05
CLM_01748,CUST_0695,3824,4,2025-02-03
CLM_01749,CUST_0696,66013,2,2022-04-25
CLM_01750,CUST_0696,98812,0,2023-01-17
CLM_01751,CUST_0696,113591,5,2025-03-02
CLM_01752,CUST_0696,29858,2,2025-01-05
CLM_01753,CUST_0697,92203,5,2022-11-14
CLM_01754,CUST_0697,135701,0,2025-03-23
CLM_01755,CUST_0697,116972,4,2023-06-01
CLM_01756,CUST_0697,66780,5,2022-02-07
CLM_01757,CUST_0698,181678,5,2024-01-17
CLM_01758,CUST_0698,89893,3,2022-05-05
CLM_01759,CUST_0698,114501,0,2024-03-03
CLM_01760,CUST_0698,170767,3,2022-08-14
CLM_01761,CUST_0698,113104,2,2022-10-20
CLM_01762,CUST_0700,83568,3,2022-06-15
CLM_01763,CUST_0700,65214,0,2024-10-03
CLM_01764,CUST_0700,109414,2,2024-12-11
CLM_01765,CUST_0700,140661,5,2023-07-21
CLM_01766,CUST_0701,169299,1,2025-01-17
CLM_01767,CUST_0701,7048,0,2025-03-07
CLM_01768,CUST_0701,94449,1,2024-10-15
CLM_01769,CUST_0701,164818,5,2024-06-16
CLM_01770,CUST_0701,25358,0,2024-02-23
CLM_01771,CUST_0702,159828,1,2022-05-18
CLM_01772,CUST_0702,189169,1,2023-12-14
CLM_01773,CUST_0702,178331,2,2023-08-03
CLM_01774,CUST_0703,86569,3,2025-03-03
CLM_01775,CUST_0703,169268,1,2024-03-20
CLM_01776,CUST_0704,133661,0,2024-09-13
CLM_01777,CUST_0705,92449,0,2025-03-14
CLM_01778,CUST_0706,53987,1,2023-08-11
CLM_01779,CUST_0706,192176,0,2023-12-02
CLM_01780,CUST_0706,95533,5,2024-11-06
CLM_01781,CUST_0706,58945,4,2025-02-20
CLM_01782,CUST_0707,158332,0,2024-05-08
CLM_01783,CUST_0707,80262,3,2023-01-27
CLM_01784,CUST_0707,63815,2,2023-01-02
CLM_01785,CUST_0707,191269,5,2025-01-04
CLM_01786,CUST_0707,36366,3,2024-08-09
CLM_01787,CUST_0708,175368,5,2022-11-03
CLM_01788,CUST_0708,103623,1,2022-07-04
CLM_01789,CUST_0708,166851,5,2022-04-09
CLM_01790,CUST_0709,41770,4,2023-10-14
CLM_01791,CUST_0709,160557,5,2024-10-16
CLM_01792,CUST_0710,163543,0,2022-03-29
CLM_01793,CUST_0711,144770,2,2023-08-09
CLM_01794,CUST_0712,11171,3,2024-03-07
CLM_01795,CUST_0713,19450,4,2024-08-30
CLM_01796,CUST_0713,84600,1,2023-12-25
CLM_01797,CUST_0713,150404,3,2025-01-06
CLM_01798,CUST_0713,87404,5,2022-05-16
CLM_01799,CUST_0713,144687,4,2024-03-02
CLM_01800,CUST_0714,132053,1,2024-12-10
CLM_01801,CUST_0714,81666,1,2022-07-25
CLM_01802,CUST_0715,10728,4,2024-05-30
CLM_01803,CUST_0716,45588,1,2024-04-04
CLM_01804,CUST_0718,180336,4,2025-02-09
CLM_01805,CUST_0718,38062,5,2024-01-04
CLM_01806,CUST_0718,83905,4,2025-04-09
CLM_01807,CUST_0718,63805,3,2022-08-01
CLM_01808,CUST_0718,147708,3,2023-09-16
CLM_01809,CUST_0719,134461,1,2024-06-16
CLM_01810,CUST_0719,74888,0,2022-02-14
CLM_01811,CUST_0719,182929,0,2023-07-08
CLM_01812,CUST_0719,168744,2,2025-01-17
CLM_01813,CUST_0720,48355,1,2024-12-26
CLM_01814,CUST_0721,142376,2,2024-05-21
CLM_01815,CUST_0721,175957,4,2023-05-03
CLM_01816,CUST_0722,24256,4,2023-04-22
CLM_01817,CUST_0723,189551,4,2024-03-19
CLM_01818,CUST_0724,130145,2,2022-08-18
CLM_01819,CUST_0727,59321,2,2024-11-08
CLM_01820,CUST_0727,59231,0,2023-04-09
CLM_01821,CUST_0727,164813,5,2022-03-07
CLM_01822,CUST_0728,166746,2,2022-11-04
CLM_01823,CUST_0728,191824,0,2024-02-05
CLM_01824,CUST_0728,126355,4,2022-04-06
CLM_01825,CUST_0728,142449,2,2023-06-24
CLM_01826,CUST_0729,100353,3,2023-08-03
CLM_01827,CUST_0730,189463,4,2024-01-12
CLM_01828,CUST_0730,188921,4,2024-01-03
CLM_01829,CUST_0730,150969,3,2023-05-29
CLM_01830,CUST_0730,102760,1,2022-06-26
CLM_01831,CUST_0731,111118,0,2024-07-01
CLM_01832,CUST_0732,31941,4,2022-03-05
CLM_01833,CUST_0733,43025,1,2022-11-26
CLM_01834,CUST_0734,4858,3,2024-11-06
CLM_01835,CUST_0734,59834,4,2023-03-20
CLM_01836,CUST_0734,195055,1,2023-03-26
CLM_01837,CUST_0734,190241,5,2025-03-30
CLM_01838,CUST_0734,171147,4,2023-01-28
CLM_01839,CUST_0735,117136,1,2024-01-14
CLM_01840,CUST_0737,136203,3,2023-01-23
CLM_01841,CUST_0738,147318,0,2022-09-07
CLM_01842,CUST_0738,42987,0,2022-04-08
CLM_01843,CUST_0738,42320,5,2022-06-28
CLM_01844,CUST_0740,153044,1,2024-01-20
CLM_01845,CUST_0740,185507,4,2022-04-07
CLM_01846,CUST_0740,16128,4,2022-09-19
CLM_01847,CUST_0741,116481,0,2022-09-02
CLM_01848,CUST_0741,22778,2,2022-11-21
CLM_01849,CUST_0741,107481,0,2023-05-16
CLM_01850,CUST_0741,4782,4,2024-12-25
CLM_01851,CUST_0742,69690,2,2022-09-23
CLM_01852,CUST_0742,195457,1,2024-09-01
CLM_01853,CUST_0743,18055,4,2024-07-06
CLM_01854,CUST_0743,74861,0,2022-04-01
CLM_01855,CUST_0743,36775,1,2023-12-03
CLM_01856,CUST_0743,51884,2,2023-12-23
CLM_01857,CUST_0744,175748,2,2024-08-15
CLM_01858,CUST_0745,56977,5,2022-05-23
CLM_01859,CUST_0745,63209,1,2024-08-06
CLM_01860,CUST_0745,108575,3,2024-10-16
CLM_01861,CUST_0745,133542,2,2022-06-09
CLM_01862,CUST_0746,120014,1,2025-01-31
CLM_01863,CUST_0746,7749,2,2023-11-03
CLM_01864,CUST_0746,96487,3,2023-02-28
CLM_01865,CUST_0746,152455,2,2024-04-16
CLM_01866,CUST_0747,44898,5,2022-05-29
CLM_01867,CUST_0747,10862,0,2024-07-02
CLM_01868,CUST_0747,12939,3,2023-11-05
CLM_01869,CUST_0747,116315,5,2022-07-24
CLM_01870,CUST_0747,154014,3,2025-03-22
CLM_01871,CUST_0748,179264,4,2025-02-14
CLM_01872,CUST_0750,69283,1,2023-06-02
CLM_01873,CUST_0750,128833,2,2024-09-05
CLM_01874,CUST_0750,56305,5,2023-08-13
CLM_01875,CUST_0751,122688,3,2022-03-04
CLM_01876,CUST_0751,172845,2,2022-07-11
CLM_01877,CUST_0752,177480,5,2024-01-11
CLM_01878,CUST_0752,19377,0,2022-09-02
CLM_01879,CUST_0754,126552,0,2024-06-29
CLM_01880,CUST_0754,132223,2,2022-07-03
CLM_01881,CUST_0754,176374,0,2022-11-20
CLM_01882,CUST_0755,150125,4,2022-03-07
CLM_01883,CUST_0756,110845,2,2024-12-19
CLM_01884,CUST_0757,65958,3,2022-02-05
CLM_01885,CUST_0757,68908,3,2022-04-08
CLM_01886,CUST_0757,34247,2,2023-06-22
CLM_01887,CUST_0757,5443,2,2023-09-06
CLM_01888,CUST_0757,198831,1,2023-02-27
CLM_01889,CUST_0758,81785,3,2023-07-30
CLM_01890,CUST_0758,34171,2,2022-11-28
CLM_01891,CUST_0758,7485,4,2024-01-10
CLM_01892,CUST_0760,90153,4,2022-03-22
CLM_01893,CUST_0760,151953,2,2025-02-08
CLM_01894,CUST_0760,89364,5,2023-05-21
CLM_01895,CUST_0762,173873,1,2022-09-14
CLM_01896,CUST_0762,165560,5,2024-08-11
CLM_01897,CUST_0762,49002,3,2024-07-21
CLM_01898,CUST_0762,1071,0,2022-01-19
CLM_01899,CUST_0762,41410,1,2024-12-15
CLM_01900,CUST_0763,192144,3,2022-03-23
CLM_01901,CUST_0763,123616,5,2022-10-10
CLM_01902,CUST_0763,177462,4,2022-06-09
CLM_01903,CUST_0763,185659,4,2025-03-25
CLM_01904,CUST_0764,141779,0,2024-05-02
CLM_01905,CUST_0765,11093,4,2022-12-30
CLM_01906,CUST_0765,124534,0,2023-04-11
CLM_01907,CUST_0765,124678,3,2025-04-04
CLM_01908,CUST_0765,159467,1,2023-05-18
CLM_01909,CUST_0765,17970,2,2023-10-18
CLM_01910,CUST_0766,74362,3,2024-04-14
CLM_01911,CUST_0766,150267,5,2023-11-23
CLM_01912,CUST_0766,83804,5,2023-04-27
CLM_01913,CUST_0767,97357,1,2022-10-17
CLM_01914,CUST_0767,153256,2,2022-01-23
CLM_01915,CUST_0767,62245,3,2024-04-14
CLM_01916,CUST_0768,174877,0,2023-11-12
CLM_01917,CUST_0768,115603,5,2024-10-26
CLM_01918,CUST_0768,70474,2,2022-05-12
CLM_01919,CUST_0768,91228,2,2024-05-10
CLM_01920,CUST_0768,156647,0,2023-12-04
CLM_01921,CUST_0770,180510,4,2023-01-22
CLM_01922,CUST_0770,97661,1,2022-10-18
CLM_01923,CUST_0770,175272,2,2023-10-18
CLM_01924,CUST_0770,169143,4,2024-04-06
CLM_01925,CUST_0771,57300,3,2023-04-21
CLM_01926,CUST_0772,75147,0,2024-09-26
CLM_01927,CUST_0772,3760,4,2022-11-12
CLM_01928,CUST_0772,125491,5,2022-05-03
CLM_01929,CUST_0772,174953,3,2022-08-02
CLM_01930,CUST_0773,62278,5,2023-12-31
CLM_01931,CUST_0774,52142,5,2022-09-22
CLM_01932,CUST_0774,92930,5,2024-05-12
CLM_01933,CUST_0774,70063,3,2023-05-24
CLM_01934,CUST_0775,199530,1,2025-03-02
CLM_01935,CUST_0776,176796,4,2024-04-26
CLM_01936,CUST_0776,92229,2,2024-12-19
CLM_01937,CUST_0777,131517,1,2022-01-19
CLM_01938,CUST_0777,120801,0,2025-01-06
CLM_01939,CUST_0777,147927,3,2023-07-14
CLM_01940,CUST_0778,61897,0,2025-04-14
CLM_01941,CUST_0778,77384,3,2024-10-12
CLM_01942,CUST_0778,120860,3,2023-10-31
CLM_01943,CUST_0778,152377,2,2024-09-29
CLM_01944,CUST_0780,77932,3,2023-04-03
CLM_01945,CUST_0780,40122,3,2023-04-27
CLM_01946,CUST_0780,111513,0,2023-06-04
CLM_01947,CUST_0780,175156,5,2023-01-26
CLM_01948,CUST_0780,22152,2,2024-07-01
CLM_01949,CUST_0781,132267,5,2023-07-12
CLM_01950,CUST_0782,136377,3,2023-10-28
CLM_01951,CUST_0783,103504,1,2022-10-22
CLM_01952,CUST_0784,41604,1,2023-06-19
CLM_01953,CUST_0785,179575,4,2022-04-21
CLM_01954,CUST_0786,140750,0,2024-02-08
CLM_01955,CUST_0787,132720,5,2022-08-26
CLM_01956,CUST_0787,198989,1,2023-01-17
CLM_01957,CUST_0787,158384,4,2023-10-17
CLM_01958,CUST_0788,97504,2,2023-07-09
CLM_01959,CUST_0788,128295,1,2023-04-08
CLM_01960,CUST_0788,125782,5,2023-08-08
CLM_01961,CUST_0789,121103,2,2023-11-01
CLM_01962,CUST_0789,191084,0,2022-02-28
CLM_01963,CUST_0789,144741,2,2024-06-09
CLM_01964,CUST_0789,199091,1,2024-05-08
CLM_01965,CUST_0789,60369,1,2022-09-02
CLM_01966,CUST_0790,63925,3,2022-04-10
CLM_01967,CUST_0790,180703,4,2024-08-31
CLM_01968,CUST_0790,65623,0,2023-07-27
CLM_01969,CUST_0790,196786,5,2022-06-12
CLM_01970,CUST_0792,97449,4,2023-01-09
CLM_01971,CUST_0792,174787,2,2022-02-16
CLM_01972,CUST_0792,192974,5,2023-02-12
CLM_01973,CUST_0792,66753,2,2024-07-18
CLM_01974,CUST_0792,106262,4,2023-02-25
CLM_01975,CUST_0793,104134,1,2022-06-15
CLM_01976,CUST_0793,71347,3,2023-02-01
CLM_01977,CUST_0793,144599,3,2022-04-17
CLM_01978,CUST_0793,41057,1,2022-02-12
CLM_01979,CUST_0794,198185,1,2022-07-07
CLM_01980,CUST_0796,36345,4,2022-03-28
CLM_01981,CUST_0796,69428,0,2022-08-14
CLM_01982,CUST_0799,130078,4,2022-10-23
CLM_01983,CUST_0800,153412,3,2022-05-15
CLM_01984,CUST_0800,112620,4,2024-10-05
CLM_01985,CUST_0800,8195,1,2024-01-16
CLM_01986,CUST_0800,102658,3,2024-12-24
CLM_01987,CUST_0800,38250,1,2024-11-06
CLM_01988,CUST_0801,43442,0,2022-10-17
CLM_01989,CUST_0801,158178,5,2022-08-22
CLM_01990,CUST_0801,115095,5,2025-03-15
CLM_01991,CUST_0802,190893,0,2023-05-12
CLM_01992,CUST_0804,136064,4,2024-04-06
CLM_01993,CUST_0804,134384,1,2022-08-11
CLM_01994,CUST_0804,112363,0,2023-04-13
CLM_01995,CUST_0804,158264,1,2023-01-10
CLM_01996,CUST_0805,168561,3,2024-10-08
CLM_01997,CUST_0805,171381,5,2023-03-26
CLM_01998,CUST_0805,29473,2,2024-04-01
CLM_01999,CUST_0806,112765,0,2024-02-01
CLM_02000,CUST_0806,25933,4,2023-07-19
CLM_02001,CUST_0806,189807,2,2023-04-01
CLM_02002,CUST_0807,23439,2,2024-05-11
CLM_02003,CUST_0807,92776,5,2022-07-05
CLM_02004,CUST_0808,83459,1,2023-11-22
CLM_02005,CUST_0808,172268,1,2024-03-25
CLM_02006,CUST_0808,172959,5,2022-01-09
CLM_02007,CUST_0809,163471,3,2023-10-23
CLM_02008,CUST_0809,114679,1,2023-01-15
CLM_02009,CUST_0809,80570,5,2025-02-15
CLM_02010,CUST_0810,191414,3,2022-09-11
CLM_02011,CUST_0810,169632,3,2023-11-12
CLM_02012,CUST_0810,191568,5,2024-12-08
CLM_02013,CUST_0812,48534,2,2023-04-18
CLM_02014,CUST_0813,115287,0,2024-10-23
CLM_02015,CUST_0813,95547,3,2022-03-20
CLM_02016,CUST_0815,132639,2,2024-12-30
CLM_02017,CUST_0816,45113,4,2023-09-16
CLM_02018,CUST_0816,71727,2,2024-04-18
CLM_02019,CUST_0816,190628,2,2022-11-26
CLM_02020,CUST_0816,95352,4,2023-05-22
CLM_02021,CUST_0819,27424,2,2024-04-09
CLM_02022,CUST_0819,7139,2,2024-02-26
CLM_02023,CUST_0819,83652,4,2024-10-12
CLM_02024,CUST_0820,160887,2,2024-02-12
CLM_02025,CUST_0821,148537,2,2025-02-25
CLM_02026,CUST_0822,137301,4,2023-10-03
CLM_02027,CUST_0822,175861,5,2024-12-11
CLM_02028,CUST_0824,108345,2,2024-08-13
CLM_02029,CUST_0824,146162,3,2023-06-02
CLM_02030,CUST_0825,184310,4,2023-11-25
CLM_02031,CUST_0825,89067,0,2023-02-26
CLM_02032,CUST_0825,51464,1,2022-07-31
CLM_02033,CUST_0826,25357,1,2023-01-04
CLM_02034,CUST_0826,48061,2,2022-01-25
CLM_02035,CUST_0826,77219,1,2023-02-21
CLM_02036,CUST_0826,113154,2,2025-02-09
CLM_02037,CUST_0826,56249,1,2023-03-04
CLM_02038,CUST_0827,125626,1,2022-08-04
CLM_02039,CUST_0827,61852,4,2023-01-15
CLM_02040,CUST_0827,71257,2,2022-09-15
CLM_02041,CUST_0827,138904,2,2023-02-28
CLM_02042,CUST_0828,188370,0,2022-07-09
CLM_02043,CUST_0829,156597,4,2024-01-29
CLM_02044,CUST_0829,199283,0,2024-09-27
CLM_02045,CUST_0830,193923,0,2023-09-30
CLM_02046,CUST_0830,148404,4,2022-02-22
CLM_02047,CUST_0830,1694,5,2022-05-19
CLM_02048,CUST_0830,113057,0,2022-05-23
CLM_02049,CUST_0831,170492,1,2023-05-01
CLM_02050,CUST_0832,47646,4,2023-11-02
CLM_02051,CUST_0832,82757,5,2023-09-26
CLM_02052,CUST_0832,8463,0,2022-11-18
CLM_02053,CUST_0832,156453,0,2025-01-31
CLM_02054,CUST_0833,25407,0,2025-01-28
CLM_02055,CUST_0835,157242,4,2022-10-01
CLM_02056,CUST_0836,60044,1,2023-01-07
CLM_02057,CUST_0836,49008,2,2024-03-29
CLM_02058,CUST_0836,52890,3,2023-06-29
CLM_02059,CUST_0836,184446,4,2023-02-21
CLM_02060,CUST_0836,637,0,2024-02-26
CLM_02061,CUST_0837,184616,4,2022-02-11
CLM_02062,CUST_0837,113271,2,2022-02-02
CLM_02063,CUST_0837,91411,0,2025-01-18
CLM_02064,CUST_0837,37479,3,2022-06-09
CLM_02065,CUST_0839,108227,2,2025-01-19
CLM_02066,CUST_0840,98884,1,2022-08-08
CLM_02067,CUST_0840,56738,2,2024-07-18
CLM_02068,CUST_0840,107966,3,2025-03-15
CLM_02069,CUST_0840,168168,2,2024-07-10
CLM_02070,CUST_0841,68309,0,2023-08-13
CLM_02071,CUST_0842,96242,4,2023-12-13
CLM_02072,CUST_0843,159574,0,2025-03-04
CLM_02073,CUST_0844,140334,5,2023-01-20
CLM_02074,CUST_0844,108924,4,2023-08-27
CLM_02075,CUST_0845,71602,3,2023-01-18
CLM_02076,CUST_0845,191170,3,2022-01-10
CLM_02077,CUST_0845,67847,3,2024-04-11
CLM_02078,CUST_0845,39673,2,2022-07-14
CLM_02079,CUST_0845,51761,1,2022-04-07
CLM_02080,CUST_0846,138878,5,2022-03-28
CLM_02081,CUST_0846,152542,4,2025-03-15
CLM_02082,CUST_0846,127636,4,2025-02-08
CLM_02083,CUST_0846,153577,0,2024-02-04
CLM_02084,CUST_0846,19109,0,2024-03-01
CLM_02085,CUST_0847,87562,1,2025-03-31
CLM_02086,CUST_0847,176557,5,2024-12-28
CLM_02087,CUST_0847,10372,4,2023-07-27
CLM_02088,CUST_0847,190742,5,2023-06-26
CLM_02089,CUST_0847,188226,3,2025-03-30
CLM_02090,CUST_0848,166340,0,2024-04-30
CLM_02091,CUST_0849,168765,1,2024-12-16
CLM_02092,CUST_0851,18632,3,2024-04-06
CLM_02093,CUST_0851,197933,1,2022-04-11
CLM_02094,CUST_0851,78944,0,2024-07-26
CLM_02095,CUST_0851,149532,1,2023-10-27
CLM_02096,CUST_0851,132533,2,2022-03-14
CLM_02097,CUST_0852,28610,3,2024-01-19
CLM_02098,CUST_0852,7717,3,2023-06-19
CLM_02099,CUST_0852,184740,5,2024-05-28
CLM_02100,CUST_0852,134648,4,2022-02-02
CLM_02101,CUST_0852,10886,5,2022-05-13
CLM_02102,CUST_0853,32532,5,2022-12-11
CLM_02103,CUST_0853,28688,1,2023-10-09
CLM_02104,CUST_0853,182901,1,2024-03-28
CLM_02105,CUST_0853,190076,2,2023-09-20
CLM_02106,CUST_0853,2438,4,2023-05-13
CLM_02107,CUST_0854,120168,0,2023-11-11
CLM_02108,CUST_0854,165675,1,2022-05-29
CLM_02109,CUST_0855,67182,3,2023-05-15
CLM_02110,CUST_0857,26515,2,2023-10-20
CLM_02111,CUST_0857,189469,0,2024-11-13
CLM_02112,CUST_0858,162013,1,2023-11-15
CLM_02113,CUST_0858,172027,5,2024-07-13
CLM_02114,CUST_0859,195139,4,2023-02-05
CLM_02115,CUST_0859,149501,0,2024-06-19
CLM_02116,CUST_0859,145919,0,2022-02-19
CLM_02117,CUST_0859,159846,3,2024-06-16
CLM_02118,CUST_0860,36079,1,2023-01-25
CLM_02119,CUST_0860,38230,4,2024-01-24
CLM_02120,CUST_0860,101762,1,2023-11-14
CLM_02121,CUST_0860,167570,5,2022-05-29
CLM_02122,CUST_0860,171387,2,2022-01-28
CLM_02123,CUST_0861,85411,5,2022-06-15
CLM_02124,CUST_0861,120848,5,2022-12-05
CLM_02125,CUST_0861,114165,1,2022-07-08
CLM_02126,CUST_0861,45706,4,2022-10-21
CLM_02127,CUST_0862,195616,2,2023-02-19
CLM_02128,CUST_0863,60964,3,2024-11-12
CLM_02129,CUST_0863,109987,1,2022-03-30
CLM_02130,CUST_0865,112364,3,2022-10-05
CLM_02131,CUST_0865,153552,5,2024-07-01
CLM_02132,CUST_0865,47431,1,2024-05-07
CLM_02133,CUST_0865,56172,5,2022-12-02
CLM_02134,CUST_0866,23119,5,2024-10-10
CLM_02135,CUST_0866,147351,3,2025-03-03
CLM_02136,CUST_0866,135875,1,2023-03-01
CLM_02137,CUST_0866,141898,5,2023-12-21
CLM_02138,CUST_0866,126546,2,2024-08-06
CLM_02139,CUST_0867,197175,0,2022-07-30
CLM_02140,CUST_0869,49047,1,2025-01-01
CLM_02141,CUST_0869,102614,3,2025-01-01
CLM_02142,CUST_0870,85490,1,2024-11-08
CLM_02143,CUST_0870,109168,3,2022-07-03
CLM_02144,CUST_0871,82593,2,2025-03-14
CLM_02145,CUST_0871,30353,0,2022-11-18
CLM_02146,CUST_0871,16192,2,2022-10-20
CLM_02147,CUST_0871,98991,4,2022-02-25
CLM_02148,CUST_0872,115107,5,2022-08-31
CLM_02149,CUST_0872,72427,1,2023-06-11
CLM_02150,CUST_0872,55256,5,2023-03-16
CLM_02151,CUST_0874,51715,2,2025-03-07
CLM_02152,CUST_0874,36317,3,2023-02-24
CLM_02153,CUST_0874,51052,3,2023-08-31
CLM_02154,CUST_0875,120550,0,2022-03-31
CLM_02155,CUST_0875,51481,3,2025-04-09
CLM_02156,CUST_0876,50530,3,2024-05-17
CLM_02157,CUST_0876,163424,5,2025-04-11
CLM_02158,CUST_0876,65836,0,2022-05-20
CLM_02159,CUST_0876,151293,5,2023-10-25
CLM_02160,CUST_0876,128345,5,2025-03-09
CLM_02161,CUST_0877,29251,2,2023-11-22
CLM_02162,CUST_0878,52620,0,2024-04-02
CLM_02163,CUST_0878,137041,2,2024-07-28
CLM_02164,CUST_0878,128658,5,2025-02-08
CLM_02165,CUST_0878,87914,5,2022-01-03
CLM_02166,CUST_0879,133523,0,2023-05-24
CLM_02167,CUST_0879,89552,4,2022-05-03
CLM_02168,CUST_0881,97229,2,2024-11-28
CLM_02169,CUST_0881,24248,2,2023-06-30
CLM_02170,CUST_0882,68008,5,2022-08-18
CLM_02171,CUST_0883,166804,0,2022-06-04
CLM_02172,CUST_0883,34980,1,2023-10-11
CLM_02173,CUST_0884,91049,3,2022-09-23
CLM_02174,CUST_0884,48167,5,2023-01-26
CLM_02175,CUST_0885,17038,3,2022-06-25
CLM_02176,CUST_0885,27397,3,2024-07-19
CLM_02177,CUST_0885,54471,3,2024-04-05
CLM_02178,CUST_0886,6674,5,2022-10-08
CLM_02179,CUST_0886,1963,1,2022-08-15
CLM_02180,CUST_0886,158334,1,2024-07-09
CLM_02181,CUST_0886,102876,3,2022-08-31
CLM_02182,CUST_0887,148293,3,2024-06-24
CLM_02183,CUST_0887,76151,4,2023-12-12
CLM_02184,CUST_0887,63830,2,2025-02-19
CLM_02185,CUST_0888,13872,2,2022-12-09
CLM_02186,CUST_0888,62714,2,2022-01-07
CLM_02187,CUST_0888,179788,2,2025-03-14
CLM_02188,CUST_0889,111736,3,2022-05-30
CLM_02189,CUST_0890,88444,3,2024-04-18
CLM_02190,CUST_0890,104448,0,2022-09-01
CLM_02191,CUST_0890,124790,5,2024-05-28
CLM_02192,CUST_0890,15935,2,2024-01-30
CLM_02193,CUST_0891,1320,0,2025-02-12
CLM_02194,CUST_0894,85591,1,2023-08-23
CLM_02195,CUST_0894,24061,0,2025-03-10
CLM_02196,CUST_0894,176710,0,2024-09-30
CLM_02197,CUST_0894,133054,2,2024-08-07
CLM_02198,CUST_0895,194304,5,2024-05-29
CLM_02199,CUST_0896,22592,4,2024-12-26
CLM_02200,CUST_0898,9529,4,2022-04-25
CLM_02201,CUST_0899,82488,5,2023-10-04
CLM_02202,CUST_0899,119278,4,2024-07-29
CLM_02203,CUST_0899,35919,2,2024-08-25
CLM_02204,CUST_0899,9013,1,2023-10-11
CLM_02205,CUST_0899,32228,0,2023-07-14
CLM_02206,CUST_0900,186845,2,2022-12-06
CLM_02207,CUST_0901,57955,3,2022-03-15
CLM_02208,CUST_0901,72972,4,2022-04-26
CLM_02209,CUST_0902,173793,4,2025-04-02
CLM_02210,CUST_0902,32326,2,2022-05-06
CLM_02211,CUST_0902,66735,4,2023-10-26
CLM_02212,CUST_0902,163509,1,2024-05-08
CLM_02213,CUST_0902,124401,4,2023-09-25
CLM_02214,CUST_0904,133637,5,2023-11-26
CLM_02215,CUST_0904,155763,5,2024-10-28
CLM_02216,CUST_0905,34510,5,2023-02-08
CLM_02217,CUST_0906,46546,0,2024-01-10
CLM_02218,CUST_0906,69939,1,2024-03-12
CLM_02219,CUST_0907,52540,3,2023-10-18
CLM_02220,CUST_0907,30030,1,2024-12-30
CLM_02221,CUST_0907,29870,5,2024-03-21
CLM_02222,CUST_0908,57255,0,2022-11-02
CLM_02223,CUST_0908,157451,3,2024-05-02
CLM_02224,CUST_0909,137662,0,2023-03-09
CLM_02225,CUST_0909,169087,3,2024-04-01
CLM_02226,CUST_0911,108286,2,2022-08-11
CLM_02227,CUST_0911,168571,4,2023-11-03
CLM_02228,CUST_0912,95140,2,2023-09-24
CLM_02229,CUST_0912,110180,5,2023-11-29
CLM_02230,CUST_0912,114719,4,2022-03-07
CLM_02231,CUST_0912,111794,2,2024-07-04
CLM_02232,CUST_0912,172580,0,2022-02-18
CLM_02233,CUST_0913,140967,4,2022-12-10
CLM_02234,CUST_0913,70831,0,2022-01-11
CLM_02235,CUST_0916,108546,5,2024-03-18
CLM_02236,CUST_0916,42290,3,2023-07-14
CLM_02237,CUST_0916,130374,3,2022-07-18
CLM_02238,CUST_0916,79763,0,2022-04-19
CLM_02239,CUST_0916,72994,3,2023-07-06
CLM_02240,CUST_0917,51,3,2022-03-06
CLM_02241,CUST_0917,191037,0,2022-09-15
CLM_02242,CUST_0917,87685,3,2023-09-26
CLM_02243,CUST_0917,197962,4,2022-07-29
CLM_02244,CUST_0919,33005,3,2023-05-15
CLM_02245,CUST_0919,9756,4,2023-08-15
CLM_02246,CUST_0919,65524,2,2025-02-09
CLM_02247,CUST_0921,105561,4,2022-05-30
CLM_02248,CUST_0921,97417,0,2023-06-11
CLM_02249,CUST_0921,86348,1,2022-06-23
CLM_02250,CUST_0921,187993,4,2022-03-02
CLM_02251,CUST_0922,7899,4,2024-03-29
CLM_02252,CUST_0922,95909,3,2022-08-04
CLM_02253,CUST_0922,91724,1,2023-11-25
CLM_02254,CUST_0923,196006,2,2025-02-02
CLM_02255,CUST_0923,140017,2,2023-11-19
CLM_02256,CUST_0923,49874,2,2022-08-30
CLM_02257,CUST_0924,199320,3,2023-03-11
CLM_02258,CUST_0924,49635,5,2022-06-19
CLM_02259,CUST_0925,72629,4,2022-11-19
CLM_02260,CUST_0925,49999,1,2023-11-27
CLM_02261,CUST_0925,14694,2,2022-02-01
CLM_02262,CUST_0925,90288,4,2022-03-06
CLM_02263,CUST_0926,170010,3,2023-08-20
CLM_02264,CUST_0926,98369,4,2024-07-04
CLM_02265,CUST_0926,40301,1,2024-09-08
CLM_02266,CUST_0926,120135,1,2023-08-08
CLM_02267,CUST_0926,22854,5,2025-02-22
CLM_02268,CUST_0927,106458,4,2022-05-13
CLM_02269,CUST_0928,44590,4,2024-05-24
CLM_02270,CUST_0928,141693,5,2024-08-31
CLM_02271,CUST_0928,58786,1,2023-07-26
CLM_02272,CUST_0928,34245,3,2024-02-10
CLM_02273,CUST_0929,71980,1,2022-01-02
CLM_02274,CUST_0930,76942,3,2024-05-13
CLM_02275,CUST_0930,5972,0,2024-09-20
CLM_02276,CUST_0930,57055,1,2024-05-28
CLM_02277,CUST_0930,142003,2,2024-11-26
CLM_02278,CUST_0931,65252,0,2025-01-25
CLM_02279,CUST_0931,31000,5,2023-07-03
CLM_02280,CUST_0932,187237,1,2022-01-19
CLM_02281,CUST_0932,131930,0,2024-09-11
CLM_02282,CUST_0932,119193,2,2023-04-29
CLM_02283,CUST_0932,37487,1,2022-07-03
CLM_02284,CUST_0933,101150,0,2025-02-28
CLM_02285,CUST_0933,72158,0,2022-01-08
CLM_02286,CUST_0933,25280,5,2025-03-05
CLM_02287,CUST_0933,70162,0,2023-11-20
CLM_02288,CUST_0934,178728,5,2025-02-11
CLM_02289,CUST_0934,23233,3,2024-05-09
CLM_02290,CUST_0936,61351,4,2023-09-20
CLM_02291,CUST_0936,154580,5,2023-09-22
CLM_02292,CUST_0937,15611,2,2022-02-13
CLM_02293,CUST_0937,142412,5,2023-09-20
CLM_02294,CUST_0937,74684,2,2025-01-20
CLM_02295,CUST_0937,18165,2,2023-10-13
CLM_02296,CUST_0938,54515,4,2024-06-21
CLM_02297,CUST_0938,30480,5,2023-12-04
CLM_02298,CUST_0938,32191,0,2023-03-25
CLM_02299,CUST_0938,87457,0,2022-03-18
CLM_02300,CUST_0939,74525,0,2024-03-25
CLM_02301,CUST_0939,182406,5,2023-10-08
CLM_02302,CUST_0939,63265,2,2023-09-05
CLM_02303,CUST_0939,186851,5,2023-10-10
CLM_02304,CUST_0940,44035,0,2022-04-19
CLM_02305,CUST_0940,73480,3,2022-09-23
CLM_02306,CUST_0941,167979,5,2024-08-01
CLM_02307,CUST_0942,187095,0,2022-06-01
CLM_02308,CUST_0942,178388,1,2024-05-12
CLM_02309,CUST_0942,115310,1,2022-12-27
CLM_02310,CUST_0942,186589,1,2022-07-29
CLM_02311,CUST_0942,13894,0,2023-08-24
CLM_02312,CUST_0943,33645,3,2023-03-28
CLM_02313,CUST_0943,129436,5,2023-04-21
CLM_02314,CUST_0943,45311,5,2022-05-07
CLM_02315,CUST_0943,24967,0,2024-07-11
CLM_02316,CUST_0943,39313,1,2024-04-24
CLM_02317,CUST_0944,126861,2,2022-04-13
CLM_02318,CUST_0944,193652,5,2023-04-29
CLM_02319,CUST_0944,96784,2,2022-08-12
CLM_02320,CUST_0944,103693,1,2025-03-03
CLM_02321,CUST_0944,166001,0,2023-10-06
CLM_02322,CUST_0945,11628,1,2023-01-10
CLM_02323,CUST_0945,169563,2,2023-09-03
CLM_02324,CUST_0946,41876,0,2022-04-03
CLM_02325,CUST_0946,50333,2,2022-08-13
CLM_02326,CUST_0946,41811,0,2023-12-21
CLM_02327,CUST_0949,175902,5,2023-11-01
CLM_02328,CUST_0949,67078,1,2024-10-02
CLM_02329,CUST_0950,21601,3,2024-12-19
CLM_02330,CUST_0950,172027,3,2024-10-03
CLM_02331,CUST_0951,189579,4,2023-04-09
CLM_02332,CUST_0951,51901,4,2022-06-12
CLM_02333,CUST_0952,27678,4,2022-03-17
CLM_02334,CUST_0952,145138,4,2022-07-09
CLM_02335,CUST_0952,11752,0,2022-10-23
CLM_02336,CUST_0953,123056,0,2024-03-10
CLM_02337,CUST_0953,121691,4,2023-08-20
CLM_02338,CUST_0953,140981,3,2022-05-08
CLM_02339,CUST_0953,91404,1,2023-09-11
CLM_02340,CUST_0954,11408,4,2023-12-04
CLM_02341,CUST_0954,13601,2,2025-02-09
CLM_02342,CUST_0954,153813,1,2022-07-19
CLM_02343,CUST_0955,102820,1,2023-08-15
CLM_02344,CUST_0955,62110,4,2023-02-20
CLM_02345,CUST_0955,19215,0,2025-03-19
CLM_02346,CUST_0955,81855,3,2024-10-01
CLM_02347,CUST_0956,141583,2,2022-11-15
CLM_02348,CUST_0956,526,3,2022-11-17
CLM_02349,CUST_0956,23266,3,2023-03-30
CLM_02350,CUST_0956,102345,2,2024-07-17
CLM_02351,CUST_0957,172805,2,2023-06-27
CLM_02352,CUST_0957,37185,1,2023-06-24
CLM_02353,CUST_0957,80123,3,2023-03-25
CLM_02354,CUST_0958,111055,4,2022-11-10
CLM_02355,CUST_0959,153507,0,2022-10-22
CLM_02356,CUST_0960,81610,1,2024-02-08
CLM_02357,CUST_0961,14679,1,2022-05-22
CLM_02358,CUST_0961,50374,2,2023-02-10
CLM_02359,CUST_0962,127203,2,2024-08-09
CLM_02360,CUST_0962,150401,2,2024-05-27
CLM_02361,CUST_0962,104139,2,2024-05-28
CLM_02362,CUST_0963,58951,5,2022-12-22
CLM_02363,CUST_0963,139334,1,2023-07-12
CLM_02364,CUST_0963,68831,1,2023-08-11
CLM_02365,CUST_0963,198729,5,2022-04-12
CLM_02366,CUST_0964,104004,0,2022-07-12
CLM_02367,CUST_0964,1085,3,2023-02-14
CLM_02368,CUST_0964,192811,2,2023-03-30
CLM_02369,CUST_0964,117309,2,2023-09-29
CLM_02370,CUST_0964,70410,4,2022-07-21
CLM_02371,CUST_0965,84269,4,2022-12-03
CLM_02372,CUST_0966,137175,4,2024-12-07
CLM_02373,CUST_0966,67567,1,2023-10-27
CLM_02374,CUST_0967,140060,3,2024-03-24
CLM_02375,CUST_0967,78488,1,2024-11-12
CLM_02376,CUST_0967,2977,2,2025-03-29
CLM_02377,CUST_0967,16756,4,2023-06-05
CLM_02378,CUST_0968,146104,5,2022-05-16
CLM_02379,CUST_0969,151825,5,2024-05-27
CLM_02380,CUST_0969,53096,4,2024-02-23
CLM_02381,CUST_0969,64649,1,2022-05-12
CLM_02382,CUST_0969,40058,4,2025-02-23
CLM_02383,CUST_0969,175542,2,2024-03-18
CLM_02384,CUST_0970,21661,0,2024-01-14
CLM_02385,CUST_0970,162219,2,2022-11-22
CLM_02386,CUST_0971,125756,1,2023-01-12
CLM_02387,CUST_0971,110436,4,2025-04-13
CLM_02388,CUST_0971,3728,0,2022-05-06
CLM_02389,CUST_0971,132019,5,2023-08-18
CLM_02390,CUST_0971,21414,2,2022-05-21
CLM_02391,CUST_0972,150511,4,2022-04-20
CLM_02392,CUST_0972,87091,4,2023-12-14
CLM_02393,CUST_0972,137161,3,2023-12-30
CLM_02394,CUST_0972,146477,0,2024-11-06
CLM_02395,CUST_0972,106810,3,2022-03-18
CLM_02396,CUST_0973,150402,2,2025-04-03
CLM_02397,CUST_0976,36640,3,2024-05-03
CLM_02398,CUST_0976,114124,1,2023-12-10
CLM_02399,CUST_0978,172296,4,2022-07-07
CLM_02400,CUST_0978,111411,5,2025-04-09
CLM_02401,CUST_0979,86314,0,2025-03-04
CLM_02402,CUST_0979,86287,1,2025-01-15
CLM_02403,CUST_0979,124958,0,2022-03-10
CLM_02404,CUST_0980,80754,0,2024-04-06
CLM_02405,CUST_0980,179695,3,2025-03-15
CLM_02406,CUST_0980,113996,0,2022-10-20
CLM_02407,CUST_0980,157781,3,2022-04-28
CLM_02408,CUST_0980,22797,2,2024-09-05
CLM_02409,CUST_0981,199355,4,2022-06-16
CLM_02410,CUST_0982,22555,1,2024-06-01
CLM_02411,CUST_0982,49151,3,2025-02-18
CLM_02412,CUST_0982,163771,3,2024-03-31
CLM_02413,CUST_0983,16944,3,2024-12-21
CLM_02414,CUST_0983,68947,1,2022-11-08
CLM_02415,CUST_0983,35191,1,2022-05-30
CLM_02416,CUST_0983,72264,4,2024-09-03
CLM_02417,CUST_0983,184496,1,2023-05-29
CLM_02418,CUST_0984,163958,3,2024-08-30
CLM_02419,CUST_0984,99219,5,2023-08-10
CLM_02420,CUST_0984,188766,1,2022-07-14
CLM_02421,CUST_0984,138426,1,2023-05-11
CLM_02422,CUST_0985,124750,0,2024-05-29
CLM_02423,CUST_0985,120883,4,2024-09-20
CLM_02424,CUST_0987,30268,4,2022-01-16
CLM_02425,CUST_0987,135362,2,2022-10-30
CLM_02426,CUST_0987,124650,0,2024-04-11
CLM_02427,CUST_0987,33329,4,2022-02-10
CLM_02428,CUST_0987,165319,5,2023-01-06
CLM_02429,CUST_0988,55812,0,2023-08-13
CLM_02430,CUST_0988,184550,0,2023-04-24
CLM_02431,CUST_0988,64162,5,2022-02-22
CLM_02432,CUST_0988,108380,1,2024-01-18
CLM_02433,CUST_0988,41423,1,2023-08-06
CLM_02434,CUST_0989,53266,3,2023-12-22
CLM_02435,CUST_0989,138260,1,2024-01-31
CLM_02436,CUST_0989,13851,2,2024-03-18
CLM_02437,CUST_0989,146130,4,2023-05-26
CLM_02438,CUST_0989,36681,5,2022-04-30
CLM_02439,CUST_0993,93699,0,2025-03-12
CLM_02440,CUST_0993,167415,1,2022-08-08
CLM_02441,CUST_0993,117574,3,2023-09-03
CLM_02442,CUST_0993,12926,0,2022-11-30
CLM_02443,CUST_0994,89527,3,2024-07-28
CLM_02444,CUST_0994,161760,2,2024-07-14
CLM_02445,CUST_0994,51595,1,2023-06-14
CLM_02446,CUST_0994,167820,4,2022-12-24
CLM_02447,CUST_0995,43835,3,2023-04-22
CLM_02448,CUST_0995,27235,0,2022-11-07
CLM_02449,CUST_0995,129191,1,2024-11-23
CLM_02450,CUST_0997,5277,4,2023-01-01
CLM_02451,CUST_0997,60750,1,2024-03-07
CLM_02452,CUST_0997,127894,1,2025-03-12
CLM_02453,CUST_0999,129424,3,2022-11-13
CLM_02454,CUST_0999,16568,4,2022-09-03
CLM_02455,CUST_0999,8430,4,2023-06-04
CLM_02456,CUST_0999,144973,3,2022-10-04
CLM_02457,CUST_1000,37869,1,2022-08-02
CLM_02458,CUST_1000,119261,3,2025-01-03
CLM_02459,CUST_1000,167893,4,2023-10-27
CLM_02460,CUST_1000,6073,5,2022-11-18
