engagement_id,customer_id,customer_support_calls,digital_engagement_score,late_payments_count
ENG_0001,CUST_0001,5,20,0
ENG_0002,CUST_0002,12,71,2
ENG_0003,CUST_0003,2,80,4
ENG_0004,CUST_0004,13,15,8
ENG_0005,CUST_0005,1,15,10
ENG_0006,CUST_0006,5,27,9
ENG_0007,CUST_0007,3,50,1
ENG_0008,CUST_0008,4,55,0
ENG_0009,CUST_0009,4,79,0
ENG_0010,CUST_0010,2,56,7
ENG_0011,CUST_0011,15,51,9
ENG_0012,CUST_0012,11,45,9
ENG_0013,CUST_0013,3,77,9
ENG_0014,CUST_0014,2,37,1
ENG_0015,CUST_0015,6,83,8
ENG_0016,CUST_0016,14,47,8
ENG_0017,CUST_0017,15,40,1
ENG_0018,CUST_0018,0,97,2
ENG_0019,CUST_0019,15,58,1
ENG_0020,CUST_0020,14,92,5
ENG_0021,CUST_0021,15,66,6
ENG_0022,CUST_0022,5,73,5
ENG_0023,CUST_0023,3,83,2
ENG_0024,CUST_0024,15,65,2
ENG_0025,CUST_0025,0,26,1
ENG_0026,CUST_0026,0,31,1
ENG_0027,CUST_0027,4,55,10
ENG_0028,CUST_0028,13,9,4
ENG_0029,CUST_0029,4,39,10
ENG_0030,CUST_0030,9,16,10
ENG_0031,CUST_0031,6,57,7
ENG_0032,CUST_0032,12,96,5
ENG_0033,CUST_0033,11,5,8
ENG_0034,CUST_0034,3,38,10
ENG_0035,CUST_0035,13,17,4
ENG_0036,CUST_0036,8,72,9
ENG_0037,CUST_0037,3,71,3
ENG_0038,CUST_0038,6,88,8
ENG_0039,CUST_0039,4,94,9
ENG_0040,CUST_0040,14,41,10
ENG_0041,CUST_0041,15,3,4
ENG_0042,CUST_0042,4,19,0
ENG_0043,CUST_0043,5,27,4
ENG_0044,CUST_0044,7,39,4
ENG_0045,CUST_0045,14,64,4
ENG_0046,CUST_0046,4,43,1
ENG_0047,CUST_0047,14,22,5
ENG_0048,CUST_0048,2,56,4
ENG_0049,CUST_0049,5,46,1
ENG_0050,CUST_0050,13,12,9
ENG_0051,CUST_0051,11,15,7
ENG_0052,CUST_0052,13,89,5
ENG_0053,CUST_0053,1,54,10
ENG_0054,CUST_0054,11,94,9
ENG_0055,CUST_0055,11,64,10
ENG_0056,CUST_0056,7,80,2
ENG_0057,CUST_0057,7,15,8
ENG_0058,CUST_0058,14,36,10
ENG_0059,CUST_0059,2,51,10
ENG_0060,CUST_0060,11,9,3
ENG_0061,CUST_0061,7,37,2
ENG_0062,CUST_0062,8,43,6
ENG_0063,CUST_0063,4,94,7
ENG_0064,CUST_0064,4,73,6
ENG_0065,CUST_0065,5,53,0
ENG_0066,CUST_0066,6,97,0
ENG_0067,CUST_0067,2,50,4
ENG_0068,CUST_0068,4,51,7
ENG_0069,CUST_0069,0,69,9
ENG_0070,CUST_0070,10,91,10
ENG_0071,CUST_0071,9,91,2
ENG_0072,CUST_0072,4,58,7
ENG_0073,CUST_0073,3,12,2
ENG_0074,CUST_0074,0,40,3
ENG_0075,CUST_0075,6,11,9
ENG_0076,CUST_0076,14,49,6
ENG_0077,CUST_0077,0,56,2
ENG_0078,CUST_0078,12,49,3
ENG_0079,CUST_0079,7,56,7
ENG_0080,CUST_0080,15,53,3
ENG_0081,CUST_0081,13,65,8
ENG_0082,CUST_0082,9,7,3
ENG_0083,CUST_0083,11,62,3
ENG_0084,CUST_0084,1,8,4
ENG_0085,CUST_0085,9,59,0
ENG_0086,CUST_0086,12,62,6
ENG_0087,CUST_0087,11,71,8
ENG_0088,CUST_0088,4,2,8
ENG_0089,CUST_0089,12,72,0
ENG_0090,CUST_0090,5,12,5
ENG_0091,CUST_0091,8,8,2
ENG_0092,CUST_0092,14,94,3
ENG_0093,CUST_0093,13,88,7
ENG_0094,CUST_0094,6,51,3
ENG_0095,CUST_0095,5,61,7
ENG_0096,CUST_0096,4,7,3
ENG_0097,CUST_0097,5,94,8
ENG_0098,CUST_0098,14,44,5
ENG_0099,CUST_0099,13,52,0
ENG_0100,CUST_0100,10,62,9
ENG_0101,CUST_0101,3,94,1
ENG_0102,CUST_0102,0,80,6
ENG_0103,CUST_0103,14,56,9
ENG_0104,CUST_0104,11,53,6
ENG_0105,CUST_0105,8,18,2
ENG_0106,CUST_0106,15,66,0
ENG_0107,CUST_0107,10,45,7
ENG_0108,CUST_0108,4,93,9
ENG_0109,CUST_0109,7,9,10
ENG_0110,CUST_0110,6,92,10
ENG_0111,CUST_0111,7,17,9
ENG_0112,CUST_0112,0,11,6
ENG_0113,CUST_0113,8,48,9
ENG_0114,CUST_0114,0,22,7
ENG_0115,CUST_0115,2,61,0
ENG_0116,CUST_0116,7,10,2
ENG_0117,CUST_0117,11,72,1
ENG_0118,CUST_0118,10,55,0
ENG_0119,CUST_0119,0,87,4
ENG_0120,CUST_0120,13,88,2
ENG_0121,CUST_0121,0,54,9
ENG_0122,CUST_0122,5,24,7
ENG_0123,CUST_0123,4,8,5
ENG_0124,CUST_0124,10,11,9
ENG_0125,CUST_0125,5,10,8
ENG_0126,CUST_0126,2,37,8
ENG_0127,CUST_0127,9,27,10
ENG_0128,CUST_0128,11,7,5
ENG_0129,CUST_0129,9,73,1
ENG_0130,CUST_0130,5,88,8
ENG_0131,CUST_0131,1,46,1
ENG_0132,CUST_0132,7,35,2
ENG_0133,CUST_0133,14,49,5
ENG_0134,CUST_0134,11,8,1
ENG_0135,CUST_0135,5,59,4
ENG_0136,CUST_0136,12,71,1
ENG_0137,CUST_0137,15,66,3
ENG_0138,CUST_0138,12,52,10
ENG_0139,CUST_0139,3,81,10
ENG_0140,CUST_0140,3,98,2
ENG_0141,CUST_0141,13,16,4
ENG_0142,CUST_0142,10,99,5
ENG_0143,CUST_0143,6,52,6
ENG_0144,CUST_0144,13,27,9
ENG_0145,CUST_0145,15,62,7
ENG_0146,CUST_0146,2,14,8
ENG_0147,CUST_0147,10,18,3
ENG_0148,CUST_0148,2,85,3
ENG_0149,CUST_0149,5,69,6
ENG_0150,CUST_0150,8,46,9
ENG_0151,CUST_0151,0,70,9
ENG_0152,CUST_0152,4,47,10
ENG_0153,CUST_0153,0,72,8
ENG_0154,CUST_0154,0,19,10
ENG_0155,CUST_0155,2,36,1
ENG_0156,CUST_0156,2,74,10
ENG_0157,CUST_0157,3,1,5
ENG_0158,CUST_0158,2,63,9
ENG_0159,CUST_0159,5,85,9
ENG_0160,CUST_0160,11,35,7
ENG_0161,CUST_0161,14,4,4
ENG_0162,CUST_0162,3,63,4
ENG_0163,CUST_0163,7,6,7
ENG_0164,CUST_0164,0,69,0
ENG_0165,CUST_0165,7,21,5
ENG_0166,CUST_0166,10,73,9
ENG_0167,CUST_0167,0,45,8
ENG_0168,CUST_0168,10,39,5
ENG_0169,CUST_0169,0,60,6
ENG_0170,CUST_0170,6,45,3
ENG_0171,CUST_0171,0,83,9
ENG_0172,CUST_0172,8,27,0
ENG_0173,CUST_0173,13,86,8
ENG_0174,CUST_0174,14,34,5
ENG_0175,CUST_0175,7,0,2
ENG_0176,CUST_0176,12,28,3
ENG_0177,CUST_0177,14,8,9
ENG_0178,CUST_0178,0,8,5
ENG_0179,CUST_0179,1,21,5
ENG_0180,CUST_0180,1,62,8
ENG_0181,CUST_0181,1,65,3
ENG_0182,CUST_0182,5,79,4
ENG_0183,CUST_0183,3,57,4
ENG_0184,CUST_0184,7,69,2
ENG_0185,CUST_0185,0,54,1
ENG_0186,CUST_0186,14,12,7
ENG_0187,CUST_0187,9,96,9
ENG_0188,CUST_0188,13,18,8
ENG_0189,CUST_0189,3,78,9
ENG_0190,CUST_0190,15,32,10
ENG_0191,CUST_0191,9,73,8
ENG_0192,CUST_0192,10,64,4
ENG_0193,CUST_0193,4,59,10
ENG_0194,CUST_0194,8,11,8
ENG_0195,CUST_0195,4,42,3
ENG_0196,CUST_0196,12,92,1
ENG_0197,CUST_0197,10,16,2
ENG_0198,CUST_0198,2,67,0
ENG_0199,CUST_0199,10,28,4
ENG_0200,CUST_0200,3,54,0
ENG_0201,CUST_0201,9,6,10
ENG_0202,CUST_0202,6,43,0
ENG_0203,CUST_0203,0,76,10
ENG_0204,CUST_0204,10,4,10
ENG_0205,CUST_0205,5,59,6
ENG_0206,CUST_0206,7,5,1
ENG_0207,CUST_0207,0,97,7
ENG_0208,CUST_0208,7,6,5
ENG_0209,CUST_0209,6,45,3
ENG_0210,CUST_0210,0,56,8
ENG_0211,CUST_0211,8,53,9
ENG_0212,CUST_0212,10,91,7
ENG_0213,CUST_0213,2,45,9
ENG_0214,CUST_0214,1,9,2
ENG_0215,CUST_0215,6,3,2
ENG_0216,CUST_0216,10,66,3
ENG_0217,CUST_0217,2,24,8
ENG_0218,CUST_0218,0,86,8
ENG_0219,CUST_0219,9,90,4
ENG_0220,CUST_0220,12,77,8
ENG_0221,CUST_0221,2,60,5
ENG_0222,CUST_0222,5,37,7
ENG_0223,CUST_0223,2,31,10
ENG_0224,CUST_0224,4,22,7
ENG_0225,CUST_0225,8,36,9
ENG_0226,CUST_0226,6,2,6
ENG_0227,CUST_0227,1,98,3
ENG_0228,CUST_0228,0,12,3
ENG_0229,CUST_0229,6,33,5
ENG_0230,CUST_0230,3,87,8
ENG_0231,CUST_0231,10,64,6
ENG_0232,CUST_0232,6,75,4
ENG_0233,CUST_0233,5,7,4
ENG_0234,CUST_0234,6,82,7
ENG_0235,CUST_0235,3,8,5
ENG_0236,CUST_0236,2,27,0
ENG_0237,CUST_0237,11,77,0
ENG_0238,CUST_0238,4,90,8
ENG_0239,CUST_0239,2,17,7
ENG_0240,CUST_0240,13,41,5
ENG_0241,CUST_0241,2,40,0
ENG_0242,CUST_0242,3,69,1
ENG_0243,CUST_0243,7,32,9
ENG_0244,CUST_0244,1,100,2
ENG_0245,CUST_0245,3,88,9
ENG_0246,CUST_0246,10,76,2
ENG_0247,CUST_0247,15,53,1
ENG_0248,CUST_0248,2,86,1
ENG_0249,CUST_0249,6,35,5
ENG_0250,CUST_0250,15,96,6
ENG_0251,CUST_0251,1,84,3
ENG_0252,CUST_0252,0,97,0
ENG_0253,CUST_0253,9,55,5
ENG_0254,CUST_0254,0,99,6
ENG_0255,CUST_0255,5,16,3
ENG_0256,CUST_0256,2,9,5
ENG_0257,CUST_0257,6,86,8
ENG_0258,CUST_0258,7,43,3
ENG_0259,CUST_0259,4,1,9
ENG_0260,CUST_0260,4,98,3
ENG_0261,CUST_0261,11,13,9
ENG_0262,CUST_0262,1,40,4
ENG_0263,CUST_0263,7,1,2
ENG_0264,CUST_0264,9,18,9
ENG_0265,CUST_0265,15,79,1
ENG_0266,CUST_0266,12,88,8
ENG_0267,CUST_0267,0,0,0
ENG_0268,CUST_0268,9,1,4
ENG_0269,CUST_0269,8,26,4
ENG_0270,CUST_0270,0,1,7
ENG_0271,CUST_0271,0,93,5
ENG_0272,CUST_0272,0,50,5
ENG_0273,CUST_0273,6,9,5
ENG_0274,CUST_0274,3,18,3
ENG_0275,CUST_0275,11,79,0
ENG_0276,CUST_0276,6,12,2
ENG_0277,CUST_0277,4,47,9
ENG_0278,CUST_0278,15,55,10
ENG_0279,CUST_0279,11,71,5
ENG_0280,CUST_0280,15,55,4
ENG_0281,CUST_0281,13,49,9
ENG_0282,CUST_0282,6,94,0
ENG_0283,CUST_0283,9,44,4
ENG_0284,CUST_0284,13,88,1
ENG_0285,CUST_0285,6,58,0
ENG_0286,CUST_0286,3,38,3
ENG_0287,CUST_0287,1,20,5
ENG_0288,CUST_0288,7,54,6
ENG_0289,CUST_0289,1,56,8
ENG_0290,CUST_0290,15,40,4
ENG_0291,CUST_0291,8,92,7
ENG_0292,CUST_0292,4,69,7
ENG_0293,CUST_0293,8,81,10
ENG_0294,CUST_0294,14,48,8
ENG_0295,CUST_0295,8,43,2
ENG_0296,CUST_0296,13,34,2
ENG_0297,CUST_0297,7,90,8
ENG_0298,CUST_0298,7,4,6
ENG_0299,CUST_0299,3,70,3
ENG_0300,CUST_0300,15,73,0
ENG_0301,CUST_0301,13,73,6
ENG_0302,CUST_0302,3,50,9
ENG_0303,CUST_0303,13,56,5
ENG_0304,CUST_0304,1,57,2
ENG_0305,CUST_0305,3,91,4
ENG_0306,CUST_0306,15,35,2
ENG_0307,CUST_0307,3,9,7
ENG_0308,CUST_0308,5,49,4
ENG_0309,CUST_0309,2,98,9
ENG_0310,CUST_0310,1,98,9
ENG_0311,CUST_0311,14,36,5
ENG_0312,CUST_0312,7,19,1
ENG_0313,CUST_0313,1,12,7
ENG_0314,CUST_0314,7,74,8
ENG_0315,CUST_0315,6,18,2
ENG_0316,CUST_0316,2,91,5
ENG_0317,CUST_0317,5,55,5
ENG_0318,CUST_0318,5,44,1
ENG_0319,CUST_0319,9,59,9
ENG_0320,CUST_0320,13,67,7
ENG_0321,CUST_0321,4,56,4
ENG_0322,CUST_0322,12,53,10
ENG_0323,CUST_0323,7,36,10
ENG_0324,CUST_0324,14,82,7
ENG_0325,CUST_0325,10,36,7
ENG_0326,CUST_0326,15,13,2
ENG_0327,CUST_0327,11,94,4
ENG_0328,CUST_0328,15,91,6
ENG_0329,CUST_0329,4,99,4
ENG_0330,CUST_0330,15,43,5
ENG_0331,CUST_0331,6,82,1
ENG_0332,CUST_0332,15,41,7
ENG_0333,CUST_0333,5,0,4
ENG_0334,CUST_0334,10,22,5
ENG_0335,CUST_0335,14,63,0
ENG_0336,CUST_0336,6,27,9
ENG_0337,CUST_0337,12,3,1
ENG_0338,CUST_0338,8,40,10
ENG_0339,CUST_0339,2,59,3
ENG_0340,CUST_0340,9,17,10
ENG_0341,CUST_0341,6,62,8
ENG_0342,CUST_0342,12,60,5
ENG_0343,CUST_0343,9,48,7
ENG_0344,CUST_0344,2,46,1
ENG_0345,CUST_0345,12,38,9
ENG_0346,CUST_0346,1,88,4
ENG_0347,CUST_0347,15,81,0
ENG_0348,CUST_0348,11,5,3
ENG_0349,CUST_0349,6,82,9
ENG_0350,CUST_0350,3,52,0
ENG_0351,CUST_0351,0,75,10
ENG_0352,CUST_0352,5,24,10
ENG_0353,CUST_0353,10,98,8
ENG_0354,CUST_0354,5,64,1
ENG_0355,CUST_0355,5,4,6
ENG_0356,CUST_0356,1,64,2
ENG_0357,CUST_0357,0,7,1
ENG_0358,CUST_0358,2,38,3
ENG_0359,CUST_0359,11,42,6
ENG_0360,CUST_0360,13,81,6
ENG_0361,CUST_0361,1,72,8
ENG_0362,CUST_0362,5,4,2
ENG_0363,CUST_0363,12,3,6
ENG_0364,CUST_0364,11,92,5
ENG_0365,CUST_0365,5,0,9
ENG_0366,CUST_0366,12,93,6
ENG_0367,CUST_0367,4,55,6
ENG_0368,CUST_0368,9,44,9
ENG_0369,CUST_0369,9,64,4
ENG_0370,CUST_0370,4,2,8
ENG_0371,CUST_0371,8,21,6
ENG_0372,CUST_0372,13,71,6
ENG_0373,CUST_0373,4,55,2
ENG_0374,CUST_0374,12,17,0
ENG_0375,CUST_0375,9,24,4
ENG_0376,CUST_0376,5,47,7
ENG_0377,CUST_0377,10,83,4
ENG_0378,CUST_0378,3,30,9
ENG_0379,CUST_0379,9,29,2
ENG_0380,CUST_0380,13,79,8
ENG_0381,CUST_0381,13,65,1
ENG_0382,CUST_0382,15,80,2
ENG_0383,CUST_0383,14,9,3
ENG_0384,CUST_0384,0,70,9
ENG_0385,CUST_0385,3,58,0
ENG_0386,CUST_0386,1,50,10
ENG_0387,CUST_0387,9,8,3
ENG_0388,CUST_0388,2,53,3
ENG_0389,CUST_0389,6,61,8
ENG_0390,CUST_0390,6,80,7
ENG_0391,CUST_0391,0,8,1
ENG_0392,CUST_0392,7,8,6
ENG_0393,CUST_0393,15,100,5
ENG_0394,CUST_0394,6,23,6
ENG_0395,CUST_0395,0,38,10
ENG_0396,CUST_0396,7,74,3
ENG_0397,CUST_0397,13,7,4
ENG_0398,CUST_0398,13,24,5
ENG_0399,CUST_0399,1,65,8
ENG_0400,CUST_0400,7,9,1
ENG_0401,CUST_0401,2,23,10
ENG_0402,CUST_0402,9,79,8
ENG_0403,CUST_0403,6,82,9
ENG_0404,CUST_0404,12,58,0
ENG_0405,CUST_0405,5,30,3
ENG_0406,CUST_0406,4,10,4
ENG_0407,CUST_0407,14,5,8
ENG_0408,CUST_0408,15,69,5
ENG_0409,CUST_0409,10,31,3
ENG_0410,CUST_0410,9,38,1
ENG_0411,CUST_0411,13,47,4
ENG_0412,CUST_0412,10,12,7
ENG_0413,CUST_0413,1,58,7
ENG_0414,CUST_0414,1,66,5
ENG_0415,CUST_0415,12,55,10
ENG_0416,CUST_0416,11,40,0
ENG_0417,CUST_0417,14,55,7
ENG_0418,CUST_0418,0,34,3
ENG_0419,CUST_0419,13,37,1
ENG_0420,CUST_0420,8,80,0
ENG_0421,CUST_0421,15,66,6
ENG_0422,CUST_0422,10,33,1
ENG_0423,CUST_0423,7,75,3
ENG_0424,CUST_0424,7,87,3
ENG_0425,CUST_0425,0,69,9
ENG_0426,CUST_0426,4,10,0
ENG_0427,CUST_0427,11,26,1
ENG_0428,CUST_0428,5,47,0
ENG_0429,CUST_0429,14,23,5
ENG_0430,CUST_0430,1,17,2
ENG_0431,CUST_0431,9,26,0
ENG_0432,CUST_0432,14,53,7
ENG_0433,CUST_0433,4,54,3
ENG_0434,CUST_0434,5,20,9
ENG_0435,CUST_0435,8,58,6
ENG_0436,CUST_0436,14,33,9
ENG_0437,CUST_0437,9,96,1
ENG_0438,CUST_0438,0,57,5
ENG_0439,CUST_0439,12,47,5
ENG_0440,CUST_0440,9,53,6
ENG_0441,CUST_0441,2,17,0
ENG_0442,CUST_0442,11,2,0
ENG_0443,CUST_0443,8,23,1
ENG_0444,CUST_0444,14,0,10
ENG_0445,CUST_0445,13,5,1
ENG_0446,CUST_0446,0,18,4
ENG_0447,CUST_0447,0,85,0
ENG_0448,CUST_0448,0,42,10
ENG_0449,CUST_0449,6,7,1
ENG_0450,CUST_0450,12,68,5
ENG_0451,CUST_0451,4,51,2
ENG_0452,CUST_0452,5,72,3
ENG_0453,CUST_0453,12,46,0
ENG_0454,CUST_0454,14,84,4
ENG_0455,CUST_0455,13,27,3
ENG_0456,CUST_0456,7,45,7
ENG_0457,CUST_0457,13,3,2
ENG_0458,CUST_0458,12,87,9
ENG_0459,CUST_0459,15,7,0
ENG_0460,CUST_0460,1,60,9
ENG_0461,CUST_0461,12,16,4
ENG_0462,CUST_0462,1,33,0
ENG_0463,CUST_0463,2,19,10
ENG_0464,CUST_0464,12,79,4
ENG_0465,CUST_0465,2,73,8
ENG_0466,CUST_0466,12,33,4
ENG_0467,CUST_0467,2,42,1
ENG_0468,CUST_0468,3,9,1
ENG_0469,CUST_0469,2,93,9
ENG_0470,CUST_0470,1,29,8
ENG_0471,CUST_0471,8,24,4
ENG_0472,CUST_0472,5,56,10
ENG_0473,CUST_0473,2,62,7
ENG_0474,CUST_0474,8,70,9
ENG_0475,CUST_0475,14,46,3
ENG_0476,CUST_0476,3,83,1
ENG_0477,CUST_0477,3,80,3
ENG_0478,CUST_0478,7,2,10
ENG_0479,CUST_0479,6,45,3
ENG_0480,CUST_0480,14,35,10
ENG_0481,CUST_0481,15,25,8
ENG_0482,CUST_0482,6,9,9
ENG_0483,CUST_0483,9,33,10
ENG_0484,CUST_0484,6,77,5
ENG_0485,CUST_0485,9,7,9
ENG_0486,CUST_0486,15,54,5
ENG_0487,CUST_0487,10,90,4
ENG_0488,CUST_0488,15,9,5
ENG_0489,CUST_0489,4,56,0
ENG_0490,CUST_0490,14,78,4
ENG_0491,CUST_0491,6,100,5
ENG_0492,CUST_0492,3,85,7
ENG_0493,CUST_0493,15,44,3
ENG_0494,CUST_0494,7,49,4
ENG_0495,CUST_0495,8,63,3
ENG_0496,CUST_0496,12,94,6
ENG_0497,CUST_0497,11,1,9
ENG_0498,CUST_0498,2,44,5
ENG_0499,CUST_0499,6,94,3
ENG_0500,CUST_0500,11,61,5
ENG_0501,CUST_0501,9,13,3
ENG_0502,CUST_0502,8,73,7
ENG_0503,CUST_0503,0,93,10
ENG_0504,CUST_0504,1,99,2
ENG_0505,CUST_0505,15,14,7
ENG_0506,CUST_0506,6,13,1
ENG_0507,CUST_0507,14,30,5
ENG_0508,CUST_0508,12,28,7
ENG_0509,CUST_0509,1,26,0
ENG_0510,CUST_0510,6,84,5
ENG_0511,CUST_0511,0,8,8
ENG_0512,CUST_0512,14,19,9
ENG_0513,CUST_0513,2,98,9
ENG_0514,CUST_0514,14,57,1
ENG_0515,CUST_0515,4,78,10
ENG_0516,CUST_0516,13,87,0
ENG_0517,CUST_0517,11,48,1
ENG_0518,CUST_0518,13,56,4
ENG_0519,CUST_0519,10,15,5
ENG_0520,CUST_0520,5,99,0
ENG_0521,CUST_0521,14,74,6
ENG_0522,CUST_0522,12,7,10
ENG_0523,CUST_0523,8,66,3
ENG_0524,CUST_0524,8,18,8
ENG_0525,CUST_0525,2,66,5
ENG_0526,CUST_0526,13,35,8
ENG_0527,CUST_0527,7,88,0
ENG_0528,CUST_0528,15,59,3
ENG_0529,CUST_0529,12,35,1
ENG_0530,CUST_0530,3,10,5
ENG_0531,CUST_0531,6,50,3
ENG_0532,CUST_0532,5,79,8
ENG_0533,CUST_0533,7,54,2
ENG_0534,CUST_0534,15,53,0
ENG_0535,CUST_0535,5,16,10
ENG_0536,CUST_0536,3,61,10
ENG_0537,CUST_0537,1,41,0
ENG_0538,CUST_0538,6,23,8
ENG_0539,CUST_0539,10,16,8
ENG_0540,CUST_0540,14,47,4
ENG_0541,CUST_0541,12,83,1
ENG_0542,CUST_0542,10,85,8
ENG_0543,CUST_0543,3,69,7
ENG_0544,CUST_0544,12,6,10
ENG_0545,CUST_0545,8,13,9
ENG_0546,CUST_0546,8,10,9
ENG_0547,CUST_0547,6,11,5
ENG_0548,CUST_0548,4,4,6
ENG_0549,CUST_0549,2,4,5
ENG_0550,CUST_0550,2,19,4
ENG_0551,CUST_0551,8,53,3
ENG_0552,CUST_0552,8,54,6
ENG_0553,CUST_0553,11,57,3
ENG_0554,CUST_0554,12,78,9
ENG_0555,CUST_0555,10,89,9
ENG_0556,CUST_0556,15,96,9
ENG_0557,CUST_0557,3,29,8
ENG_0558,CUST_0558,10,23,4
ENG_0559,CUST_0559,0,86,7
ENG_0560,CUST_0560,12,72,5
ENG_0561,CUST_0561,9,2,3
ENG_0562,CUST_0562,4,99,2
ENG_0563,CUST_0563,13,47,10
ENG_0564,CUST_0564,15,70,5
ENG_0565,CUST_0565,15,21,0
ENG_0566,CUST_0566,7,13,1
ENG_0567,CUST_0567,9,47,6
ENG_0568,CUST_0568,14,28,3
ENG_0569,CUST_0569,14,49,4
ENG_0570,CUST_0570,3,79,10
ENG_0571,CUST_0571,9,97,9
ENG_0572,CUST_0572,9,9,0
ENG_0573,CUST_0573,3,70,1
ENG_0574,CUST_0574,12,88,3
ENG_0575,CUST_0575,11,26,7
ENG_0576,CUST_0576,13,78,9
ENG_0577,CUST_0577,8,95,3
ENG_0578,CUST_0578,14,27,2
ENG_0579,CUST_0579,8,8,2
ENG_0580,CUST_0580,6,70,4
ENG_0581,CUST_0581,9,79,2
ENG_0582,CUST_0582,7,25,7
ENG_0583,CUST_0583,11,98,4
ENG_0584,CUST_0584,11,80,6
ENG_0585,CUST_0585,3,86,10
ENG_0586,CUST_0586,7,7,7
ENG_0587,CUST_0587,13,1,4
ENG_0588,CUST_0588,5,94,7
ENG_0589,CUST_0589,15,56,2
ENG_0590,CUST_0590,12,51,6
ENG_0591,CUST_0591,15,57,7
ENG_0592,CUST_0592,2,95,6
ENG_0593,CUST_0593,6,92,1
ENG_0594,CUST_0594,2,2,7
ENG_0595,CUST_0595,10,7,5
ENG_0596,CUST_0596,15,58,9
ENG_0597,CUST_0597,6,1,2
ENG_0598,CUST_0598,4,94,3
ENG_0599,CUST_0599,3,61,6
ENG_0600,CUST_0600,2,48,2
ENG_0601,CUST_0601,7,100,0
ENG_0602,CUST_0602,3,19,5
ENG_0603,CUST_0603,7,28,2
ENG_0604,CUST_0604,9,16,10
ENG_0605,CUST_0605,2,73,9
ENG_0606,CUST_0606,9,21,5
ENG_0607,CUST_0607,12,5,9
ENG_0608,CUST_0608,8,61,2
ENG_0609,CUST_0609,5,97,5
ENG_0610,CUST_0610,14,30,10
ENG_0611,CUST_0611,15,61,3
ENG_0612,CUST_0612,4,11,3
ENG_0613,CUST_0613,4,11,9
ENG_0614,CUST_0614,12,62,9
ENG_0615,CUST_0615,2,15,10
ENG_0616,CUST_0616,1,24,1
ENG_0617,CUST_0617,5,21,3
ENG_0618,CUST_0618,10,90,10
ENG_0619,CUST_0619,0,87,3
ENG_0620,CUST_0620,14,75,10
ENG_0621,CUST_0621,14,17,6
ENG_0622,CUST_0622,13,44,4
ENG_0623,CUST_0623,6,79,7
ENG_0624,CUST_0624,14,67,6
ENG_0625,CUST_0625,4,11,9
ENG_0626,CUST_0626,3,48,8
ENG_0627,CUST_0627,8,32,7
ENG_0628,CUST_0628,9,85,8
ENG_0629,CUST_0629,15,62,0
ENG_0630,CUST_0630,0,17,9
ENG_0631,CUST_0631,10,53,2
ENG_0632,CUST_0632,14,96,4
ENG_0633,CUST_0633,3,26,8
ENG_0634,CUST_0634,15,82,7
ENG_0635,CUST_0635,2,77,9
ENG_0636,CUST_0636,5,24,6
ENG_0637,CUST_0637,4,33,1
ENG_0638,CUST_0638,6,87,10
ENG_0639,CUST_0639,12,59,5
ENG_0640,CUST_0640,0,53,3
ENG_0641,CUST_0641,12,86,4
ENG_0642,CUST_0642,4,4,4
ENG_0643,CUST_0643,13,35,3
ENG_0644,CUST_0644,1,53,3
ENG_0645,CUST_0645,1,87,3
ENG_0646,CUST_0646,10,35,10
ENG_0647,CUST_0647,14,68,1
ENG_0648,CUST_0648,10,38,0
ENG_0649,CUST_0649,1,69,1
ENG_0650,CUST_0650,8,99,6
ENG_0651,CUST_0651,9,3,0
ENG_0652,CUST_0652,2,73,5
ENG_0653,CUST_0653,3,64,3
ENG_0654,CUST_0654,14,84,1
ENG_0655,CUST_0655,4,39,2
ENG_0656,CUST_0656,13,36,6
ENG_0657,CUST_0657,3,66,5
ENG_0658,CUST_0658,3,30,5
ENG_0659,CUST_0659,4,90,7
ENG_0660,CUST_0660,9,80,7
ENG_0661,CUST_0661,15,86,5
ENG_0662,CUST_0662,14,76,0
ENG_0663,CUST_0663,8,46,9
ENG_0664,CUST_0664,11,26,6
ENG_0665,CUST_0665,8,50,7
ENG_0666,CUST_0666,13,19,4
ENG_0667,CUST_0667,13,12,10
ENG_0668,CUST_0668,5,62,3
ENG_0669,CUST_0669,10,43,6
ENG_0670,CUST_0670,11,23,10
ENG_0671,CUST_0671,13,2,5
ENG_0672,CUST_0672,2,9,5
ENG_0673,CUST_0673,5,64,2
ENG_0674,CUST_0674,9,48,10
ENG_0675,CUST_0675,3,57,9
ENG_0676,CUST_0676,2,76,3
ENG_0677,CUST_0677,5,77,4
ENG_0678,CUST_0678,14,96,8
ENG_0679,CUST_0679,10,1,7
ENG_0680,CUST_0680,5,65,2
ENG_0681,CUST_0681,1,30,5
ENG_0682,CUST_0682,8,67,9
ENG_0683,CUST_0683,7,97,0
ENG_0684,CUST_0684,5,82,2
ENG_0685,CUST_0685,0,36,9
ENG_0686,CUST_0686,11,72,6
ENG_0687,CUST_0687,1,23,6
ENG_0688,CUST_0688,14,76,1
ENG_0689,CUST_0689,3,43,2
ENG_0690,CUST_0690,6,93,6
ENG_0691,CUST_0691,8,82,5
ENG_0692,CUST_0692,9,40,6
ENG_0693,CUST_0693,4,73,9
ENG_0694,CUST_0694,9,50,8
ENG_0695,CUST_0695,1,41,7
ENG_0696,CUST_0696,14,77,5
ENG_0697,CUST_0697,12,39,3
ENG_0698,CUST_0698,10,47,9
ENG_0699,CUST_0699,10,83,8
ENG_0700,CUST_0700,10,3,6
ENG_0701,CUST_0701,0,59,4
ENG_0702,CUST_0702,9,38,1
ENG_0703,CUST_0703,13,4,8
ENG_0704,CUST_0704,12,95,6
ENG_0705,CUST_0705,13,5,8
ENG_0706,CUST_0706,0,13,10
ENG_0707,CUST_0707,4,69,8
ENG_0708,CUST_0708,13,77,9
ENG_0709,CUST_0709,15,11,4
ENG_0710,CUST_0710,6,61,6
ENG_0711,CUST_0711,8,26,4
ENG_0712,CUST_0712,8,53,2
ENG_0713,CUST_0713,7,89,9
ENG_0714,CUST_0714,0,11,7
ENG_0715,CUST_0715,4,7,7
ENG_0716,CUST_0716,5,73,8
ENG_0717,CUST_0717,5,15,10
ENG_0718,CUST_0718,3,51,5
ENG_0719,CUST_0719,0,25,1
ENG_0720,CUST_0720,2,7,2
ENG_0721,CUST_0721,9,44,10
ENG_0722,CUST_0722,14,92,9
ENG_0723,CUST_0723,14,83,10
ENG_0724,CUST_0724,3,80,5
ENG_0725,CUST_0725,3,18,0
ENG_0726,CUST_0726,12,16,1
ENG_0727,CUST_0727,3,64,7
ENG_0728,CUST_0728,13,28,10
ENG_0729,CUST_0729,4,13,7
ENG_0730,CUST_0730,12,16,5
ENG_0731,CUST_0731,14,12,2
ENG_0732,CUST_0732,14,92,1
ENG_0733,CUST_0733,10,97,5
ENG_0734,CUST_0734,8,90,0
ENG_0735,CUST_0735,15,62,9
ENG_0736,CUST_0736,15,32,5
ENG_0737,CUST_0737,3,28,8
ENG_0738,CUST_0738,8,36,6
ENG_0739,CUST_0739,8,82,8
ENG_0740,CUST_0740,0,45,1
ENG_0741,CUST_0741,4,23,10
ENG_0742,CUST_0742,8,13,4
ENG_0743,CUST_0743,3,100,8
ENG_0744,CUST_0744,4,4,6
ENG_0745,CUST_0745,3,52,8
ENG_0746,CUST_0746,12,87,10
ENG_0747,CUST_0747,15,97,5
ENG_0748,CUST_0748,1,94,6
ENG_0749,CUST_0749,9,29,9
ENG_0750,CUST_0750,15,59,4
ENG_0751,CUST_0751,1,72,5
ENG_0752,CUST_0752,1,90,0
ENG_0753,CUST_0753,15,27,0
ENG_0754,CUST_0754,12,25,1
ENG_0755,CUST_0755,0,17,10
ENG_0756,CUST_0756,15,35,3
ENG_0757,CUST_0757,2,7,10
ENG_0758,CUST_0758,14,17,8
ENG_0759,CUST_0759,13,83,6
ENG_0760,CUST_0760,10,57,5
ENG_0761,CUST_0761,9,31,0
ENG_0762,CUST_0762,0,92,4
ENG_0763,CUST_0763,3,48,10
ENG_0764,CUST_0764,0,47,3
ENG_0765,CUST_0765,3,81,4
ENG_0766,CUST_0766,2,70,10
ENG_0767,CUST_0767,8,64,8
ENG_0768,CUST_0768,0,91,2
ENG_0769,CUST_0769,13,32,3
ENG_0770,CUST_0770,7,49,7
ENG_0771,CUST_0771,10,3,2
ENG_0772,CUST_0772,8,83,2
ENG_0773,CUST_0773,11,35,8
ENG_0774,CUST_0774,6,94,4
ENG_0775,CUST_0775,0,27,9
ENG_0776,CUST_0776,3,2,0
ENG_0777,CUST_0777,9,5,6
ENG_0778,CUST_0778,0,44,6
ENG_0779,CUST_0779,3,22,5
ENG_0780,CUST_0780,14,6,5
ENG_0781,CUST_0781,2,60,2
ENG_0782,CUST_0782,1,99,2
ENG_0783,CUST_0783,0,64,9
ENG_0784,CUST_0784,5,5,10
ENG_0785,CUST_0785,11,23,8
ENG_0786,CUST_0786,6,36,0
ENG_0787,CUST_0787,5,44,6
ENG_0788,CUST_0788,8,50,10
ENG_0789,CUST_0789,11,99,9
ENG_0790,CUST_0790,8,87,6
ENG_0791,CUST_0791,1,44,7
ENG_0792,CUST_0792,14,62,5
ENG_0793,CUST_0793,14,28,7
ENG_0794,CUST_0794,1,100,0
ENG_0795,CUST_0795,8,95,0
ENG_0796,CUST_0796,0,24,8
ENG_0797,CUST_0797,4,9,3
ENG_0798,CUST_0798,0,34,2
ENG_0799,CUST_0799,6,54,5
ENG_0800,CUST_0800,8,24,9
ENG_0801,CUST_0801,5,90,8
ENG_0802,CUST_0802,13,44,9
ENG_0803,CUST_0803,1,95,10
ENG_0804,CUST_0804,5,11,3
ENG_0805,CUST_0805,8,3,8
ENG_0806,CUST_0806,2,89,4
ENG_0807,CUST_0807,15,66,6
ENG_0808,CUST_0808,8,16,2
ENG_0809,CUST_0809,7,72,2
ENG_0810,CUST_0810,14,92,2
ENG_0811,CUST_0811,12,64,7
ENG_0812,CUST_0812,11,81,5
ENG_0813,CUST_0813,6,52,8
ENG_0814,CUST_0814,7,83,8
ENG_0815,CUST_0815,9,56,7
ENG_0816,CUST_0816,5,97,0
ENG_0817,CUST_0817,2,27,5
ENG_0818,CUST_0818,6,98,3
ENG_0819,CUST_0819,3,15,3
ENG_0820,CUST_0820,10,20,2
ENG_0821,CUST_0821,9,76,8
ENG_0822,CUST_0822,13,98,1
ENG_0823,CUST_0823,4,41,0
ENG_0824,CUST_0824,7,53,9
ENG_0825,CUST_0825,14,31,2
ENG_0826,CUST_0826,6,37,3
ENG_0827,CUST_0827,6,69,3
ENG_0828,CUST_0828,7,37,5
ENG_0829,CUST_0829,9,53,0
ENG_0830,CUST_0830,2,59,0
ENG_0831,CUST_0831,2,76,1
ENG_0832,CUST_0832,1,76,3
ENG_0833,CUST_0833,14,46,6
ENG_0834,CUST_0834,0,11,5
ENG_0835,CUST_0835,9,52,10
ENG_0836,CUST_0836,5,32,8
ENG_0837,CUST_0837,5,27,6
ENG_0838,CUST_0838,12,2,4
ENG_0839,CUST_0839,9,81,5
ENG_0840,CUST_0840,11,25,9
ENG_0841,CUST_0841,7,53,8
ENG_0842,CUST_0842,15,39,0
ENG_0843,CUST_0843,13,65,10
ENG_0844,CUST_0844,5,67,8
ENG_0845,CUST_0845,5,91,5
ENG_0846,CUST_0846,0,91,3
ENG_0847,CUST_0847,11,88,4
ENG_0848,CUST_0848,6,89,0
ENG_0849,CUST_0849,6,46,6
ENG_0850,CUST_0850,9,1,7
ENG_0851,CUST_0851,8,41,10
ENG_0852,CUST_0852,13,33,4
ENG_0853,CUST_0853,14,93,1
ENG_0854,CUST_0854,11,20,7
ENG_0855,CUST_0855,6,100,9
ENG_0856,CUST_0856,7,43,6
ENG_0857,CUST_0857,3,86,9
ENG_0858,CUST_0858,8,96,8
ENG_0859,CUST_0859,14,1,3
ENG_0860,CUST_0860,13,90,10
ENG_0861,CUST_0861,0,58,8
ENG_0862,CUST_0862,7,85,3
ENG_0863,CUST_0863,2,97,2
ENG_0864,CUST_0864,13,15,10
ENG_0865,CUST_0865,0,19,2
ENG_0866,CUST_0866,1,25,9
ENG_0867,CUST_0867,14,15,1
ENG_0868,CUST_0868,5,69,9
ENG_0869,CUST_0869,4,22,2
ENG_0870,CUST_0870,13,41,7
ENG_0871,CUST_0871,2,36,10
ENG_0872,CUST_0872,8,71,7
ENG_0873,CUST_0873,7,5,1
ENG_0874,CUST_0874,12,36,10
ENG_0875,CUST_0875,2,21,1
ENG_0876,CUST_0876,1,5,1
ENG_0877,CUST_0877,7,31,9
ENG_0878,CUST_0878,15,16,6
ENG_0879,CUST_0879,13,37,5
ENG_0880,CUST_0880,14,16,10
ENG_0881,CUST_0881,4,36,0
ENG_0882,CUST_0882,14,22,1
ENG_0883,CUST_0883,15,48,0
ENG_0884,CUST_0884,8,60,10
ENG_0885,CUST_0885,0,48,6
ENG_0886,CUST_0886,9,60,5
ENG_0887,CUST_0887,2,76,1
ENG_0888,CUST_0888,4,31,1
ENG_0889,CUST_0889,1,85,1
ENG_0890,CUST_0890,2,62,7
ENG_0891,CUST_0891,3,6,6
ENG_0892,CUST_0892,3,21,0
ENG_0893,CUST_0893,10,84,3
ENG_0894,CUST_0894,8,5,10
ENG_0895,CUST_0895,0,60,3
ENG_0896,CUST_0896,11,13,6
ENG_0897,CUST_0897,15,15,1
ENG_0898,CUST_0898,8,2,3
ENG_0899,CUST_0899,14,8,0
ENG_0900,CUST_0900,15,46,10
ENG_0901,CUST_0901,8,84,10
ENG_0902,CUST_0902,10,93,3
ENG_0903,CUST_0903,5,93,10
ENG_0904,CUST_0904,10,41,0
ENG_0905,CUST_0905,0,41,1
ENG_0906,CUST_0906,10,95,1
ENG_0907,CUST_0907,12,22,9
ENG_0908,CUST_0908,11,2,2
ENG_0909,CUST_0909,5,0,7
ENG_0910,CUST_0910,7,66,10
ENG_0911,CUST_0911,15,100,5
ENG_0912,CUST_0912,4,70,5
ENG_0913,CUST_0913,4,2,8
ENG_0914,CUST_0914,0,99,7
ENG_0915,CUST_0915,0,48,1
ENG_0916,CUST_0916,7,66,5
ENG_0917,CUST_0917,12,54,0
ENG_0918,CUST_0918,4,3,8
ENG_0919,CUST_0919,7,30,3
ENG_0920,CUST_0920,9,65,3
ENG_0921,CUST_0921,1,77,8
ENG_0922,CUST_0922,14,100,2
ENG_0923,CUST_0923,3,63,4
ENG_0924,CUST_0924,12,30,0
ENG_0925,CUST_0925,10,62,5
ENG_0926,CUST_0926,13,65,2
ENG_0927,CUST_0927,9,30,0
ENG_0928,CUST_0928,15,46,9
ENG_0929,CUST_0929,8,21,5
ENG_0930,CUST_0930,12,73,9
ENG_0931,CUST_0931,2,93,1
ENG_0932,CUST_0932,5,96,7
ENG_0933,CUST_0933,10,82,10
ENG_0934,CUST_0934,6,45,1
ENG_0935,CUST_0935,2,88,3
ENG_0936,CUST_0936,0,57,2
ENG_0937,CUST_0937,1,60,8
ENG_0938,CUST_0938,10,45,1
ENG_0939,CUST_0939,13,0,2
ENG_0940,CUST_0940,9,95,6
ENG_0941,CUST_0941,6,24,3
ENG_0942,CUST_0942,6,60,5
ENG_0943,CUST_0943,11,80,2
ENG_0944,CUST_0944,0,13,0
ENG_0945,CUST_0945,9,44,10
ENG_0946,CUST_0946,6,76,5
ENG_0947,CUST_0947,14,38,3
ENG_0948,CUST_0948,9,65,1
ENG_0949,CUST_0949,10,31,6
ENG_0950,CUST_0950,15,95,9
ENG_0951,CUST_0951,5,57,4
ENG_0952,CUST_0952,10,55,5
ENG_0953,CUST_0953,5,5,5
ENG_0954,CUST_0954,6,88,8
ENG_0955,CUST_0955,6,66,1
ENG_0956,CUST_0956,0,81,5
ENG_0957,CUST_0957,9,49,8
ENG_0958,CUST_0958,4,37,3
ENG_0959,CUST_0959,14,2,10
ENG_0960,CUST_0960,13,4,5
ENG_0961,CUST_0961,13,23,6
ENG_0962,CUST_0962,7,53,0
ENG_0963,CUST_0963,7,33,4
ENG_0964,CUST_0964,2,38,3
ENG_0965,CUST_0965,2,87,9
ENG_0966,CUST_0966,6,99,1
ENG_0967,CUST_0967,14,91,1
ENG_0968,CUST_0968,3,47,1
ENG_0969,CUST_0969,5,48,6
ENG_0970,CUST_0970,8,33,10
ENG_0971,CUST_0971,9,79,10
ENG_0972,CUST_0972,1,99,3
ENG_0973,CUST_0973,15,6,5
ENG_0974,CUST_0974,1,17,6
ENG_0975,CUST_0975,5,69,8
ENG_0976,CUST_0976,2,91,10
ENG_0977,CUST_0977,0,33,1
ENG_0978,CUST_0978,1,50,9
ENG_0979,CUST_0979,13,92,8
ENG_0980,CUST_0980,12,67,10
ENG_0981,CUST_0981,6,13,4
ENG_0982,CUST_0982,3,68,5
ENG_0983,CUST_0983,11,88,5
ENG_0984,CUST_0984,1,7,10
ENG_0985,CUST_0985,10,14,2
ENG_0986,CUST_0986,11,82,10
ENG_0987,CUST_0987,11,58,10
ENG_0988,CUST_0988,7,10,9
ENG_0989,CUST_0989,3,19,6
ENG_0990,CUST_0990,3,54,6
ENG_0991,CUST_0991,1,35,7
ENG_0992,CUST_0992,15,81,4
ENG_0993,CUST_0993,13,13,1
ENG_0994,CUST_0994,0,57,2
ENG_0995,CUST_0995,0,37,8
ENG_0996,CUST_0996,2,88,5
ENG_0997,CUST_0997,5,79,7
ENG_0998,CUST_0998,6,81,7
ENG_0999,CUST_0999,12,0,4
ENG_1000,CUST_1000,8,64,0
